transaction_id,ledger_entry_id,amount,ledger_status,created_at,settlement_date,reconciliation_status
TXN10001,LEDG_TXN10001,4999.0,POSTED,2026-09-04T15:36:37,2026-09-04,MATCHED
TXN10002,LEDG_TXN10002,4999.0,POSTED,2026-09-04T13:40:47,2026-09-04,MATCHED
TXN10003,LEDG_TXN10003,999.0,POSTED,2026-09-04T11:44:12,2026-09-04,MATCHED
TXN10004,LEDG_TXN10004,499.0,POSTED,2026-09-04T13:15:06,2026-09-04,MATCHED
TXN10005,LEDG_TXN10005,3500.0,POSTED,2026-09-04T18:09:09,2026-09-04,MATCHED
TXN10006,LEDG_TXN10006,250.0,POSTED,2026-09-04T12:24:52,2026-09-04,MATCHED
TXN10007,LEDG_TXN10007,12000.0,POSTED,2026-09-04T17:25:04,2026-09-04,MATCHED
TXN10008,LEDG_TXN10008,12000.0,POSTED,2026-09-04T12:24:01,2026-09-04,MATCHED
TXN10009,LEDG_TXN10009,499.0,POSTED,2026-09-04T16:02:15,2026-09-04,MATCHED
TXN10010,LEDG_TXN10010,6500.0,POSTED,2026-09-04T17:11:33,2026-09-04,MATCHED
TXN10011,LEDG_TXN10011,3500.0,POSTED,2026-09-04T16:39:47,2026-09-04,MATCHED
TXN10012,LEDG_TXN10012,1200.0,POSTED,2026-09-04T11:23:28,2026-09-04,MATCHED
TXN10013,LEDG_TXN10013,999.0,POSTED,2026-09-04T09:50:06,2026-09-04,MATCHED
TXN10014,LEDG_TXN10014,8900.0,POSTED,2026-09-04T10:39:08,2026-09-04,MATCHED
TXN10015,LEDG_TXN10015,499.0,POSTED,2026-09-04T16:41:31,2026-09-04,MATCHED
TXN10016,LEDG_TXN10016,1200.0,POSTED,2026-09-04T15:12:39,2026-09-04,MATCHED
TXN10017,LEDG_TXN10017,1500.0,POSTED,2026-09-04T11:05:01,2026-09-04,MATCHED
TXN10018,LEDG_TXN10018,250.0,POSTED,2026-09-04T17:45:13,2026-09-04,MATCHED
TXN10019,LEDG_TXN10019,3500.0,POSTED,2026-09-04T16:47:07,2026-09-04,MATCHED
TXN10020,LEDG_TXN10020,1500.0,POSTED,2026-09-04T15:22:10,2026-09-04,MATCHED
TXN10021,LEDG_TXN10021,999.0,POSTED,2026-09-04T13:08:43,2026-09-04,MATCHED
TXN10022,LEDG_TXN10022,499.0,POSTED,2026-09-04T12:01:57,2026-09-04,MATCHED
TXN10023,LEDG_TXN10023,1500.0,POSTED,2026-09-04T12:42:24,2026-09-04,MATCHED
TXN10024,LEDG_TXN10024,8900.0,POSTED,2026-09-04T13:15:22,2026-09-04,MATCHED
TXN10025,LEDG_TXN10025,250.0,POSTED,2026-09-04T10:00:29,2026-09-04,MATCHED
TXN10026,LEDG_TXN10026,3500.0,POSTED,2026-09-04T17:36:28,2026-09-04,MATCHED
TXN10027,LEDG_TXN10027,250.0,POSTED,2026-09-04T15:49:27,2026-09-04,MATCHED
TXN10028,LEDG_TXN10028,15000.0,POSTED,2026-09-04T12:47:25,2026-09-04,MATCHED
TXN10029,LEDG_TXN10029,250.0,POSTED,2026-09-04T12:17:27,2026-09-04,MATCHED
TXN10030,LEDG_TXN10030,12000.0,POSTED,2026-09-04T15:25:07,2026-09-04,MATCHED
TXN10031,LEDG_TXN10031,4999.0,POSTED,2026-09-04T16:23:07,2026-09-04,MATCHED
TXN10032,LEDG_TXN10032,4999.0,POSTED,2026-09-04T12:05:27,2026-09-04,MATCHED
TXN10033,LEDG_TXN10033,1200.0,POSTED,2026-09-04T11:03:30,2026-09-04,MATCHED
TXN10034,LEDG_TXN10034,2499.0,POSTED,2026-09-04T10:35:16,2026-09-04,MATCHED
TXN10035,LEDG_TXN10035,1500.0,POSTED,2026-09-04T16:19:10,2026-09-04,MATCHED
TXN10036,LEDG_TXN10036,12000.0,POSTED,2026-09-04T09:33:21,2026-09-04,MATCHED
TXN10037,LEDG_TXN10037,999.0,POSTED,2026-09-04T10:55:47,2026-09-04,MATCHED
TXN10038,LEDG_TXN10038,499.0,POSTED,2026-09-04T15:26:05,2026-09-04,MATCHED
TXN10039,LEDG_TXN10039,250.0,POSTED,2026-09-04T12:27:31,2026-09-04,MATCHED
TXN10040,LEDG_TXN10040,15000.0,POSTED,2026-09-04T11:48:50,2026-09-04,MATCHED
TXN10041,LEDG_TXN10041,12000.0,POSTED,2026-09-04T10:59:14,2026-09-04,MATCHED
TXN10042,LEDG_TXN10042,12000.0,POSTED,2026-09-04T14:20:56,2026-09-04,MATCHED
TXN10043,LEDG_TXN10043,12000.0,POSTED,2026-09-04T12:01:13,2026-09-04,MATCHED
TXN10044,LEDG_TXN10044,4999.0,POSTED,2026-09-04T16:33:14,2026-09-04,MATCHED
TXN10045,LEDG_TXN10045,15000.0,POSTED,2026-09-04T14:15:55,2026-09-04,MATCHED
TXN10046,LEDG_TXN10046,4999.0,POSTED,2026-09-04T16:55:45,2026-09-04,MATCHED
TXN10047,LEDG_TXN10047,3500.0,POSTED,2026-09-04T17:49:53,2026-09-04,MATCHED
TXN10048,LEDG_TXN10048,15000.0,POSTED,2026-09-04T11:02:01,2026-09-04,MATCHED
TXN10049,LEDG_TXN10049,2499.0,POSTED,2026-09-04T12:36:57,2026-09-04,MATCHED
TXN10050,LEDG_TXN10050,8900.0,POSTED,2026-09-04T11:13:29,2026-09-04,MATCHED
TXN10051,LEDG_TXN10051,12000.0,POSTED,2026-09-04T16:24:17,2026-09-04,MATCHED
TXN10052,LEDG_TXN10052,4999.0,POSTED,2026-09-04T17:40:26,2026-09-04,MATCHED
TXN10053,LEDG_TXN10053,999.0,POSTED,2026-09-04T13:51:26,2026-09-04,MATCHED
TXN10054,LEDG_TXN10054,15000.0,POSTED,2026-09-04T09:34:07,2026-09-04,MATCHED
TXN10055,LEDG_TXN10055,12000.0,POSTED,2026-09-04T10:44:32,2026-09-04,MATCHED
TXN10056,LEDG_TXN10056,1500.0,POSTED,2026-09-04T10:49:30,2026-09-04,MATCHED
TXN10057,LEDG_TXN10057,12000.0,POSTED,2026-09-04T09:15:30,2026-09-04,MATCHED
TXN10058,LEDG_TXN10058,12000.0,POSTED,2026-09-04T11:52:10,2026-09-04,MATCHED
TXN10059,LEDG_TXN10059,3500.0,POSTED,2026-09-04T16:28:50,2026-09-04,MATCHED
TXN10060,LEDG_TXN10060,250.0,POSTED,2026-09-04T17:47:20,2026-09-04,MATCHED
TXN10061,LEDG_TXN10061,15000.0,POSTED,2026-09-04T13:49:29,2026-09-04,MATCHED
TXN10062,LEDG_TXN10062,1200.0,POSTED,2026-09-04T17:44:53,2026-09-04,MATCHED
TXN10063,LEDG_TXN10063,4999.0,POSTED,2026-09-04T16:03:13,2026-09-04,MATCHED
TXN10064,LEDG_TXN10064,6500.0,POSTED,2026-09-04T15:33:17,2026-09-04,MATCHED
TXN10065,LEDG_TXN10065,6500.0,POSTED,2026-09-04T14:35:24,2026-09-04,MATCHED
TXN10066,LEDG_TXN10066,15000.0,POSTED,2026-09-04T15:00:56,2026-09-04,MATCHED
TXN10067,LEDG_TXN10067,4999.0,POSTED,2026-09-04T16:27:35,2026-09-04,MATCHED
TXN10068,LEDG_TXN10068,12000.0,POSTED,2026-09-04T11:13:34,2026-09-04,MATCHED
TXN10069,LEDG_TXN10069,1500.0,POSTED,2026-09-04T12:52:53,2026-09-04,MATCHED
TXN10070,LEDG_TXN10070,250.0,POSTED,2026-09-04T09:34:17,2026-09-04,MATCHED
TXN10071,LEDG_TXN10071,3500.0,POSTED,2026-09-04T11:17:22,2026-09-04,MATCHED
TXN10072,LEDG_TXN10072,999.0,POSTED,2026-09-04T14:01:11,2026-09-04,MATCHED
TXN10073,LEDG_TXN10073,499.0,POSTED,2026-09-04T16:08:38,2026-09-04,MATCHED
TXN10074,LEDG_TXN10074,15000.0,POSTED,2026-09-04T10:18:24,2026-09-04,MATCHED
TXN10075,LEDG_TXN10075,12000.0,POSTED,2026-09-04T11:07:30,2026-09-04,MATCHED
TXN10076,LEDG_TXN10076,6500.0,POSTED,2026-09-04T12:23:10,2026-09-04,MATCHED
TXN10077,LEDG_TXN10077,1200.0,POSTED,2026-09-04T16:16:46,2026-09-04,MATCHED
TXN10078,LEDG_TXN10078,12000.0,POSTED,2026-09-04T13:51:30,2026-09-04,MATCHED
TXN10079,LEDG_TXN10079,499.0,POSTED,2026-09-04T13:55:53,2026-09-04,MATCHED
TXN10080,LEDG_TXN10080,15000.0,POSTED,2026-09-04T16:38:03,2026-09-04,MATCHED
TXN10081,LEDG_TXN10081,1200.0,POSTED,2026-09-04T09:59:10,2026-09-04,MATCHED
TXN10082,LEDG_TXN10082,12500.0,POSTED,2026-09-04T16:08:03,2026-09-04,MATCHED
TXN10083,LEDG_TXN10083,1200.0,POSTED,2026-09-04T09:58:34,2026-09-04,MATCHED
TXN10084,LEDG_TXN10084,10000.0,POSTED,2026-09-04T16:09:39,2026-09-04,MATCHED
TXN10085,LEDG_TXN10085,7500.0,POSTED,2026-09-04T16:31:13,2026-09-04,MATCHED
TXN10086,LEDG_TXN10086,10000.0,POSTED,2026-09-04T16:28:01,2026-09-04,MATCHED
TXN10087,LEDG_TXN10087,5000.0,POSTED,2026-09-04T16:18:00,2026-09-04,MATCHED
TXN10088,LEDG_TXN10088,18000.0,POSTED,2026-09-04T16:20:52,2026-09-04,MATCHED
TXN10089,LEDG_TXN10089,1500.0,POSTED,2026-09-04T16:29:17,2026-09-04,MATCHED
TXN10090,LEDG_TXN10090,2000.0,POSTED,2026-09-04T16:10:43,2026-09-04,MATCHED
TXN10091,LEDG_TXN10091,3500.0,POSTED,2026-09-04T15:52:48,2026-09-04,MATCHED
TXN10092,LEDG_TXN10092,18000.0,POSTED,2026-09-04T15:55:38,2026-09-04,MATCHED
TXN10093,LEDG_TXN10093,25000.0,POSTED,2026-09-04T17:00:53,2026-09-04,MATCHED
TXN10094,LEDG_TXN10094,12500.0,POSTED,2026-09-04T16:36:57,2026-09-04,MATCHED
TXN10095,LEDG_TXN10095,18000.0,POSTED,2026-09-04T15:33:38,2026-09-04,MATCHED
TXN10096,LEDG_TXN10096,10000.0,POSTED,2026-09-04T17:25:28,2026-09-04,MATCHED
TXN10097,LEDG_TXN10097,12500.0,POSTED,2026-09-04T16:29:28,2026-09-04,MATCHED
TXN10098,LEDG_TXN10098,5000.0,POSTED,2026-09-04T16:24:34,2026-09-04,MATCHED
TXN10099,LEDG_TXN10099,6500.0,POSTED,2026-09-04T13:10:33,2026-09-04,MATCHED
TXN10100,LEDG_TXN10100,999.0,POSTED,2026-09-04T14:21:41,2026-09-04,MATCHED
TXN10101,LEDG_TXN10101,2499.0,POSTED,2026-09-04T16:41:26,2026-09-04,MATCHED
TXN10102,LEDG_TXN10102,2000.0,POSTED,2026-09-04T16:11:33,2026-09-04,MATCHED
TXN10103,LEDG_TXN10103,5000.0,POSTED,2026-09-04T16:34:24,2026-09-04,MATCHED
TXN10104,LEDG_TXN10104,18000.0,POSTED,2026-09-04T17:03:06,2026-09-04,MATCHED
TXN10105,LEDG_TXN10105,5000.0,POSTED,2026-09-04T15:35:06,2026-09-04,MATCHED
TXN10106,LEDG_TXN10106,18000.0,POSTED,2026-09-04T15:51:29,2026-09-04,MATCHED
TXN10107,LEDG_TXN10107,25000.0,POSTED,2026-09-04T16:15:33,2026-09-04,MATCHED
TXN10108,LEDG_TXN10108,10000.0,POSTED,2026-09-04T16:06:20,2026-09-04,MATCHED
TXN10109,LEDG_TXN10109,10000.0,POSTED,2026-09-04T15:51:08,2026-09-04,MATCHED
TXN10110,LEDG_TXN10110,12500.0,POSTED,2026-09-04T16:26:18,2026-09-04,MATCHED
TXN10111,LEDG_TXN10111,5000.0,POSTED,2026-09-04T16:53:44,2026-09-04,MATCHED
TXN10112,LEDG_TXN10112,12000.0,POSTED,2026-09-04T14:35:01,2026-09-04,MATCHED
TXN10113,LEDG_TXN10113,3500.0,POSTED,2026-09-04T16:10:28,2026-09-04,MATCHED
TXN10114,LEDG_TXN10114,10000.0,POSTED,2026-09-04T16:37:07,2026-09-04,MATCHED
TXN10115,LEDG_TXN10115,7500.0,POSTED,2026-09-04T15:52:30,2026-09-04,MATCHED
TXN10116,LEDG_TXN10116,1500.0,POSTED,2026-09-04T15:18:40,2026-09-04,MATCHED
TXN10117,LEDG_TXN10117,18000.0,POSTED,2026-09-04T16:18:50,2026-09-04,MATCHED
TXN10118,LEDG_TXN10118,3500.0,POSTED,2026-09-04T16:53:56,2026-09-04,MATCHED
TXN10119,LEDG_TXN10119,3500.0,POSTED,2026-09-04T17:26:27,2026-09-04,MATCHED
TXN10120,LEDG_TXN10120,3500.0,POSTED,2026-09-04T15:07:38,2026-09-04,MATCHED
TXN10121,LEDG_TXN10121,12500.0,POSTED,2026-09-04T16:37:34,2026-09-04,MATCHED
TXN10122,LEDG_TXN10122,3500.0,POSTED,2026-09-04T17:22:55,2026-09-04,MATCHED
TXN10123,LEDG_TXN10123,7500.0,POSTED,2026-09-04T15:56:55,2026-09-04,MATCHED
TXN10124,LEDG_TXN10124,25000.0,POSTED,2026-09-04T17:23:56,2026-09-04,MATCHED
TXN10125,LEDG_TXN10125,1200.0,POSTED,2026-09-04T15:01:39,2026-09-04,MATCHED
TXN10126,LEDG_TXN10126,25000.0,POSTED,2026-09-04T16:59:20,2026-09-04,MATCHED
TXN10127,LEDG_TXN10127,3500.0,POSTED,2026-09-04T16:16:21,2026-09-04,MATCHED
TXN10128,LEDG_TXN10128,18000.0,POSTED,2026-09-04T16:04:47,2026-09-04,MATCHED
TXN10129,LEDG_TXN10129,18000.0,POSTED,2026-09-04T16:56:55,2026-09-04,MATCHED
TXN10130,LEDG_TXN10130,3500.0,POSTED,2026-09-04T16:30:59,2026-09-04,MATCHED
TXN10131,LEDG_TXN10131,999.0,POSTED,2026-09-04T13:19:59,2026-09-04,MATCHED
TXN10132,LEDG_TXN10132,1500.0,POSTED,2026-09-04T16:53:57,2026-09-04,MATCHED
TXN10133,LEDG_TXN10133,10000.0,POSTED,2026-09-04T15:25:36,2026-09-04,MATCHED
TXN10134,LEDG_TXN10134,3500.0,POSTED,2026-09-04T16:47:59,2026-09-04,MATCHED
TXN10135,LEDG_TXN10135,18000.0,POSTED,2026-09-04T16:37:30,2026-09-04,MATCHED
TXN10136,LEDG_TXN10136,25000.0,POSTED,2026-09-04T17:11:29,2026-09-04,MATCHED
TXN10137,LEDG_TXN10137,12500.0,POSTED,2026-09-04T16:37:57,2026-09-04,MATCHED
TXN10138,LEDG_TXN10138,25000.0,POSTED,2026-09-04T17:21:59,2026-09-04,MATCHED
TXN10139,LEDG_TXN10139,12500.0,POSTED,2026-09-04T16:20:36,2026-09-04,MATCHED
TXN10140,LEDG_TXN10140,25000.0,POSTED,2026-09-04T17:11:16,2026-09-04,MATCHED
TXN10141,LEDG_TXN10141,7500.0,POSTED,2026-09-04T16:36:48,2026-09-04,MATCHED
TXN10142,LEDG_TXN10142,5000.0,POSTED,2026-09-04T11:17:27,2026-09-04,DISCREPANCY
TXN10143,LEDG_TXN10143,18000.0,POSTED,2026-09-04T15:43:23,2026-09-04,MATCHED
TXN10144,LEDG_TXN10144,7500.0,POSTED,2026-09-04T15:11:52,2026-09-04,MATCHED
TXN10145,LEDG_TXN10145,25000.0,POSTED,2026-09-04T16:20:37,2026-09-04,MATCHED
TXN10146,LEDG_TXN10146,10000.0,POSTED,2026-09-04T17:27:12,2026-09-04,MATCHED
TXN10147,LEDG_TXN10147,12500.0,POSTED,2026-09-04T17:05:22,2026-09-04,MATCHED
TXN10148,LEDG_TXN10148,999.0,POSTED,2026-09-04T10:38:09,2026-09-04,MATCHED
TXN10149,LEDG_TXN10149,250.0,POSTED,2026-09-04T16:37:56,2026-09-04,MATCHED
TXN10150,LEDG_TXN10150,10000.0,POSTED,2026-09-04T16:16:13,2026-09-04,MATCHED
TXN10151,LEDG_TXN10151,18000.0,POSTED,2026-09-04T17:18:51,2026-09-04,MATCHED
TXN10152,LEDG_TXN10152,12500.0,POSTED,2026-09-04T16:49:20,2026-09-04,MATCHED
TXN10153,LEDG_TXN10153,2000.0,POSTED,2026-09-04T16:52:58,2026-09-04,MATCHED
TXN10154,LEDG_TXN10154,2000.0,POSTED,2026-09-04T16:25:39,2026-09-04,MATCHED
TXN10155,LEDG_TXN10155,1500.0,POSTED,2026-09-04T16:23:46,2026-09-04,MATCHED
TXN10156,LEDG_TXN10156,10000.0,POSTED,2026-09-04T15:51:49,2026-09-04,MATCHED
TXN10157,LEDG_TXN10157,3500.0,POSTED,2026-09-04T16:54:35,2026-09-04,MATCHED
TXN10158,LEDG_TXN10158,2499.0,POSTED,2026-09-04T14:56:13,2026-09-04,MATCHED
TXN10159,LEDG_TXN10159,18000.0,POSTED,2026-09-04T16:49:38,2026-09-04,MATCHED
TXN10160,LEDG_TXN10160,18000.0,POSTED,2026-09-04T15:29:26,2026-09-04,MATCHED
TXN10161,LEDG_TXN10161,3500.0,POSTED,2026-09-04T16:37:15,2026-09-04,MATCHED
TXN10162,LEDG_TXN10162,7500.0,POSTED,2026-09-04T15:50:55,2026-09-04,MATCHED
TXN10163,LEDG_TXN10163,7500.0,POSTED,2026-09-04T15:48:13,2026-09-04,MATCHED
TXN10164,LEDG_TXN10164,25000.0,POSTED,2026-09-04T16:47:37,2026-09-04,MATCHED
TXN10165,LEDG_TXN10165,10000.0,POSTED,2026-09-04T15:30:37,2026-09-04,MATCHED
TXN10166,LEDG_TXN10166,5000.0,POSTED,2026-09-04T15:42:14,2026-09-04,MATCHED
TXN10167,LEDG_TXN10167,7500.0,POSTED,2026-09-04T16:20:08,2026-09-04,MATCHED
TXN10168,LEDG_TXN10168,3500.0,POSTED,2026-09-04T16:09:42,2026-09-04,MATCHED
TXN10169,LEDG_TXN10169,10000.0,POSTED,2026-09-04T15:38:28,2026-09-04,MATCHED
TXN10170,LEDG_TXN10170,2000.0,POSTED,2026-09-04T16:33:57,2026-09-04,MATCHED
TXN10171,LEDG_TXN10171,8900.0,POSTED,2026-09-04T09:32:32,2026-09-04,MATCHED
TXN10172,LEDG_TXN10172,25000.0,POSTED,2026-09-04T17:13:21,2026-09-04,MATCHED
TXN10173,LEDG_TXN10173,18000.0,POSTED,2026-09-04T16:55:59,2026-09-04,MATCHED
TXN10174,LEDG_TXN10174,18000.0,POSTED,2026-09-04T16:23:03,2026-09-04,MATCHED
TXN10175,LEDG_TXN10175,10000.0,POSTED,2026-09-04T17:32:21,2026-09-04,MATCHED
TXN10176,LEDG_TXN10176,10000.0,POSTED,2026-09-04T16:18:11,2026-09-04,MATCHED
TXN10177,LEDG_TXN10177,2000.0,POSTED,2026-09-04T16:27:37,2026-09-04,MATCHED
TXN10178,LEDG_TXN10178,3500.0,POSTED,2026-09-04T12:48:08,2026-09-04,MATCHED
TXN10179,LEDG_TXN10179,3500.0,POSTED,2026-09-04T16:44:33,2026-09-04,MATCHED
TXN10180,LEDG_TXN10180,7500.0,POSTED,2026-09-04T17:46:00,2026-09-04,MATCHED
TXN10181,LEDG_TXN10181,499.0,POSTED,2026-09-04T14:40:21,2026-09-04,MATCHED
TXN10182,LEDG_TXN10182,5000.0,POSTED,2026-09-04T16:42:29,2026-09-04,MATCHED
TXN10183,LEDG_TXN10183,12500.0,POSTED,2026-09-04T16:40:23,2026-09-04,MATCHED
TXN10184,LEDG_TXN10184,12500.0,POSTED,2026-09-04T16:37:12,2026-09-04,MATCHED
TXN10185,LEDG_TXN10185,6500.0,POSTED,2026-09-04T11:49:58,2026-09-04,MATCHED
TXN10186,LEDG_TXN10186,10000.0,POSTED,2026-09-04T16:41:10,2026-09-04,MATCHED
TXN10187,LEDG_TXN10187,5000.0,POSTED,2026-09-04T16:44:58,2026-09-04,MATCHED
TXN10188,LEDG_TXN10188,12000.0,POSTED,2026-09-04T13:23:14,2026-09-04,MATCHED
TXN10189,LEDG_TXN10189,2000.0,POSTED,2026-09-04T17:12:37,2026-09-04,MATCHED
TXN10190,LEDG_TXN10190,25000.0,POSTED,2026-09-04T15:46:51,2026-09-04,MATCHED
TXN10191,LEDG_TXN10191,5000.0,POSTED,2026-09-04T16:50:31,2026-09-04,MATCHED
TXN10192,LEDG_TXN10192,12500.0,POSTED,2026-09-04T15:32:44,2026-09-04,MATCHED
TXN10193,LEDG_TXN10193,18000.0,POSTED,2026-09-04T16:38:52,2026-09-04,MATCHED
TXN10194,LEDG_TXN10194,2000.0,POSTED,2026-09-04T17:09:22,2026-09-04,MATCHED
TXN10195,LEDG_TXN10195,18000.0,POSTED,2026-09-04T15:57:11,2026-09-04,MATCHED
TXN10196,LEDG_TXN10196,10000.0,POSTED,2026-09-04T16:20:52,2026-09-04,MATCHED
TXN10197,LEDG_TXN10197,7500.0,POSTED,2026-09-04T16:26:19,2026-09-04,MATCHED
TXN10198,LEDG_TXN10198,1500.0,POSTED,2026-09-04T10:05:45,2026-09-04,MATCHED
TXN10199,LEDG_TXN10199,2000.0,POSTED,2026-09-04T16:38:26,2026-09-04,MATCHED
TXN10200,LEDG_TXN10200,12500.0,POSTED,2026-09-04T16:19:56,2026-09-04,MATCHED
TXN10201,LEDG_TXN10201,1500.0,POSTED,2026-09-04T16:27:51,2026-09-04,MATCHED
TXN10202,LEDG_TXN10202,3500.0,POSTED,2026-09-04T15:59:49,2026-09-04,MATCHED
TXN10203,LEDG_TXN10203,999.0,POSTED,2026-09-04T12:23:46,2026-09-04,MATCHED
TXN10204,LEDG_TXN10204,5000.0,POSTED,2026-09-04T16:17:55,2026-09-04,MATCHED
TXN10205,LEDG_TXN10205,25000.0,POSTED,2026-09-04T15:29:47,2026-09-04,MATCHED
TXN10206,LEDG_TXN10206,2000.0,POSTED,2026-09-04T16:14:31,2026-09-04,MATCHED
TXN10207,LEDG_TXN10207,18000.0,POSTED,2026-09-04T16:08:14,2026-09-04,MATCHED
TXN10208,LEDG_TXN10208,250.0,POSTED,2026-09-04T09:36:52,2026-09-04,MATCHED
TXN10209,LEDG_TXN10209,1500.0,POSTED,2026-09-04T16:24:15,2026-09-04,MATCHED
TXN10210,LEDG_TXN10210,12500.0,POSTED,2026-09-04T17:18:46,2026-09-04,MATCHED
TXN10211,LEDG_TXN10211,3200.0,POSTED,2026-09-04T14:13:11,2026-09-04,UNRECONCILED
TXN10212,LEDG_TXN10212,1500.0,POSTED,2026-09-04T10:06:42,2026-09-04,MATCHED
TXN10213,LEDG_TXN10213,7500.0,POSTED,2026-09-04T16:16:19,2026-09-04,MATCHED
TXN10214,LEDG_TXN10214,5000.0,POSTED,2026-09-04T15:38:58,2026-09-04,MATCHED
TXN10215,LEDG_TXN10215,1500.0,POSTED,2026-09-04T17:33:54,2026-09-04,MATCHED
TXN10216,LEDG_TXN10216,1500.0,POSTED,2026-09-04T17:14:50,2026-09-04,MATCHED
TXN10217,LEDG_TXN10217,10000.0,POSTED,2026-09-04T16:13:46,2026-09-04,MATCHED
TXN10218,LEDG_TXN10218,250.0,POSTED,2026-09-04T15:48:52,2026-09-04,MATCHED
TXN10219,LEDG_TXN10219,25000.0,POSTED,2026-09-04T16:06:02,2026-09-04,MATCHED
TXN10220,LEDG_TXN10220,18000.0,POSTED,2026-09-04T17:45:36,2026-09-04,MATCHED
TXN10221,LEDG_TXN10221,5000.0,POSTED,2026-09-04T16:05:49,2026-09-04,MATCHED
TXN10222,LEDG_TXN10222,25000.0,POSTED,2026-09-04T16:02:53,2026-09-04,MATCHED
TXN10223,LEDG_TXN10223,2000.0,POSTED,2026-09-04T15:35:09,2026-09-04,MATCHED
TXN10224,LEDG_TXN10224,15000.0,POSTED,2026-09-04T13:17:04,2026-09-04,MATCHED
TXN10225,LEDG_TXN10225,12000.0,POSTED,2026-09-04T15:43:02,2026-09-04,MATCHED
TXN10226,LEDG_TXN10226,10000.0,POSTED,2026-09-04T16:58:04,2026-09-04,MATCHED
TXN10227,LEDG_TXN10227,3500.0,POSTED,2026-09-04T17:36:14,2026-09-04,MATCHED
TXN10228,LEDG_TXN10228,5000.0,POSTED,2026-09-04T16:50:54,2026-09-04,MATCHED
TXN10229,LEDG_TXN10229,7500.0,POSTED,2026-09-04T16:10:17,2026-09-04,MATCHED
TXN10230,LEDG_TXN10230,25000.0,POSTED,2026-09-04T15:28:48,2026-09-04,MATCHED
TXN10231,LEDG_TXN10231,1500.0,POSTED,2026-09-04T17:01:58,2026-09-04,MATCHED
TXN10232,LEDG_TXN10232,250.0,POSTED,2026-09-04T17:37:34,2026-09-04,MATCHED
TXN10233,LEDG_TXN10233,15000.0,POSTED,2026-09-04T09:43:55,2026-09-04,MATCHED
TXN10234,LEDG_TXN10234,10000.0,POSTED,2026-09-04T16:23:46,2026-09-04,MATCHED
TXN10235,LEDG_TXN10235,5000.0,POSTED,2026-09-04T15:39:11,2026-09-04,MATCHED
TXN10236,LEDG_TXN10236,15000.0,POSTED,2026-09-04T09:55:16,2026-09-04,MATCHED
TXN10237,LEDG_TXN10237,5000.0,POSTED,2026-09-04T15:42:04,2026-09-04,MATCHED
TXN10238,LEDG_TXN10238,25000.0,POSTED,2026-09-04T15:42:02,2026-09-04,MATCHED
TXN10239,LEDG_TXN10239,12500.0,POSTED,2026-09-04T17:14:56,2026-09-04,MATCHED
TXN10240,LEDG_TXN10240,10000.0,POSTED,2026-09-04T17:20:19,2026-09-04,MATCHED
TXN10241,LEDG_TXN10241,2499.0,POSTED,2026-09-04T13:11:30,2026-09-04,MATCHED
TXN10242,LEDG_TXN10242,8900.0,POSTED,2026-09-04T15:26:46,2026-09-04,MATCHED
TXN10243,LEDG_TXN10243,499.0,POSTED,2026-09-04T15:35:53,2026-09-04,MATCHED
TXN10244,LEDG_TXN10244,6500.0,POSTED,2026-09-04T16:47:55,2026-09-04,MATCHED
TXN10245,LEDG_TXN10245,499.0,POSTED,2026-09-04T13:42:52,2026-09-04,MATCHED
TXN10246,LEDG_TXN10246,999.0,POSTED,2026-09-04T16:24:34,2026-09-04,MATCHED
TXN10247,LEDG_TXN10247,1500.0,POSTED,2026-09-04T16:24:21,2026-09-04,MATCHED
TXN10248,LEDG_TXN10248,15000.0,POSTED,2026-09-04T13:31:58,2026-09-04,MATCHED
TXN10249,LEDG_TXN10249,3500.0,POSTED,2026-09-04T14:34:26,2026-09-04,MATCHED
TXN10250,LEDG_TXN10250,1500.0,POSTED,2026-09-04T12:41:02,2026-09-04,MATCHED
TXN10251,LEDG_TXN10251,4999.0,POSTED,2026-09-04T10:44:47,2026-09-04,MATCHED
TXN10252,LEDG_TXN10252,2499.0,POSTED,2026-09-04T13:00:30,2026-09-04,MATCHED
TXN10253,LEDG_TXN10253,6500.0,POSTED,2026-09-04T10:35:15,2026-09-04,MATCHED
TXN10254,LEDG_TXN10254,499.0,POSTED,2026-09-04T14:12:48,2026-09-04,MATCHED
TXN10255,LEDG_TXN10255,4999.0,POSTED,2026-09-04T17:47:11,2026-09-04,MATCHED
TXN10256,LEDG_TXN10256,999.0,POSTED,2026-09-04T10:59:21,2026-09-04,MATCHED
TXN10257,LEDG_TXN10257,3500.0,POSTED,2026-09-04T11:52:01,2026-09-04,MATCHED
TXN10258,LEDG_TXN10258,499.0,POSTED,2026-09-04T14:01:47,2026-09-04,MATCHED
TXN10259,LEDG_TXN10259,8900.0,POSTED,2026-09-04T15:56:13,2026-09-04,MATCHED
TXN10260,LEDG_TXN10260,1500.0,POSTED,2026-09-04T14:17:32,2026-09-04,MATCHED
TXN10261,LEDG_TXN10261,6500.0,POSTED,2026-09-04T11:49:01,2026-09-04,MATCHED
TXN10262,LEDG_TXN10262,1200.0,POSTED,2026-09-04T09:49:59,2026-09-04,MATCHED
TXN10263,LEDG_TXN10263,1200.0,POSTED,2026-09-04T10:49:28,2026-09-04,MATCHED
TXN10264,LEDG_TXN10264,6500.0,POSTED,2026-09-04T10:33:03,2026-09-04,MATCHED
TXN10265,LEDG_TXN10265,2499.0,POSTED,2026-09-04T09:38:46,2026-09-04,MATCHED
TXN10266,LEDG_TXN10266,1200.0,POSTED,2026-09-04T11:51:26,2026-09-04,MATCHED
TXN10267,LEDG_TXN10267,12000.0,POSTED,2026-09-04T14:04:53,2026-09-04,MATCHED
TXN10268,LEDG_TXN10268,12000.0,POSTED,2026-09-04T13:06:27,2026-09-04,MATCHED
TXN10269,LEDG_TXN10269,15000.0,POSTED,2026-09-04T18:04:20,2026-09-04,MATCHED
TXN10270,LEDG_TXN10270,3500.0,POSTED,2026-09-04T17:39:50,2026-09-04,MATCHED
TXN10271,LEDG_TXN10271,250.0,POSTED,2026-09-04T15:23:49,2026-09-04,MATCHED
TXN10272,LEDG_TXN10272,1500.0,POSTED,2026-09-04T12:17:43,2026-09-04,MATCHED
TXN10273,LEDG_TXN10273,15000.0,POSTED,2026-09-04T15:52:43,2026-09-04,MATCHED
TXN10274,LEDG_TXN10274,250.0,POSTED,2026-09-04T17:57:06,2026-09-04,MATCHED
TXN10275,LEDG_TXN10275,1500.0,POSTED,2026-09-04T10:40:13,2026-09-04,MATCHED
TXN10276,LEDG_TXN10276,1200.0,POSTED,2026-09-04T16:42:55,2026-09-04,MATCHED
TXN10277,LEDG_TXN10277,999.0,POSTED,2026-09-04T14:36:00,2026-09-04,MATCHED
TXN10278,LEDG_TXN10278,8900.0,POSTED,2026-09-04T13:28:10,2026-09-04,MATCHED
TXN10279,LEDG_TXN10279,250.0,POSTED,2026-09-04T10:47:19,2026-09-04,MATCHED
TXN10280,LEDG_TXN10280,499.0,POSTED,2026-09-04T10:09:41,2026-09-04,MATCHED
TXN10281,LEDG_TXN10281,499.0,POSTED,2026-09-04T15:56:07,2026-09-04,MATCHED
TXN10282,LEDG_TXN10282,12000.0,POSTED,2026-09-04T15:52:25,2026-09-04,MATCHED
TXN10283,LEDG_TXN10283,12000.0,POSTED,2026-09-04T13:54:46,2026-09-04,MATCHED
TXN10284,LEDG_TXN10284,15000.0,POSTED,2026-09-04T11:37:15,2026-09-04,MATCHED
TXN10285,LEDG_TXN10285,2499.0,POSTED,2026-09-04T16:41:23,2026-09-04,MATCHED
TXN10286,LEDG_TXN10286,250.0,POSTED,2026-09-04T17:14:55,2026-09-04,MATCHED
TXN10287,LEDG_TXN10287,15000.0,POSTED,2026-09-04T14:31:58,2026-09-04,MATCHED
TXN10288,LEDG_TXN10288,4999.0,POSTED,2026-09-04T15:17:16,2026-09-04,MATCHED
TXN10289,LEDG_TXN10289,8900.0,POSTED,2026-09-04T12:40:34,2026-09-04,MATCHED
TXN10290,LEDG_TXN10290,12000.0,POSTED,2026-09-04T14:14:10,2026-09-04,MATCHED
TXN10291,LEDG_TXN10291,1200.0,POSTED,2026-09-04T10:21:55,2026-09-04,MATCHED
TXN10292,LEDG_TXN10292,250.0,POSTED,2026-09-04T10:51:27,2026-09-04,MATCHED
TXN10293,LEDG_TXN10293,499.0,POSTED,2026-09-04T16:28:30,2026-09-04,MATCHED
TXN10294,LEDG_TXN10294,1200.0,POSTED,2026-09-04T17:38:10,2026-09-04,MATCHED
TXN10295,LEDG_TXN10295,2499.0,POSTED,2026-09-04T13:10:08,2026-09-04,MATCHED
TXN10296,LEDG_TXN10296,6500.0,POSTED,2026-09-04T16:11:38,2026-09-04,MATCHED
TXN10297,LEDG_TXN10297,2499.0,POSTED,2026-09-04T13:07:36,2026-09-04,MATCHED
TXN10298,LEDG_TXN10298,2499.0,POSTED,2026-09-04T11:04:54,2026-09-04,MATCHED
TXN10299,LEDG_TXN10299,999.0,POSTED,2026-09-04T15:57:19,2026-09-04,MATCHED
TXN10300,LEDG_TXN10300,6500.0,POSTED,2026-09-04T13:43:23,2026-09-04,MATCHED
TXN10301,LEDG_TXN10301,2499.0,POSTED,2026-09-04T16:03:34,2026-09-04,MATCHED
TXN10302,LEDG_TXN10302,250.0,POSTED,2026-09-04T14:53:13,2026-09-04,MATCHED
TXN10303,LEDG_TXN10303,15000.0,POSTED,2026-09-04T13:50:48,2026-09-04,MATCHED
TXN10305,LEDG_TXN10305,999.0,POSTED,2026-09-04T16:44:05,2026-09-04,MATCHED
TXN10306,LEDG_TXN10306,2499.0,POSTED,2026-09-04T13:01:39,2026-09-04,MATCHED
TXN10307,LEDG_TXN10307,3500.0,POSTED,2026-09-04T15:01:14,2026-09-04,MATCHED
TXN10308,LEDG_TXN10308,15000.0,POSTED,2026-09-04T11:56:47,2026-09-04,MATCHED
TXN10309,LEDG_TXN10309,2499.0,POSTED,2026-09-04T09:23:21,2026-09-04,MATCHED
TXN10310,LEDG_TXN10310,499.0,POSTED,2026-09-04T14:26:01,2026-09-04,MATCHED
TXN10311,LEDG_TXN10311,3500.0,POSTED,2026-09-04T15:42:53,2026-09-04,MATCHED
TXN10312,LEDG_TXN10312,250.0,POSTED,2026-09-04T16:19:51,2026-09-04,MATCHED
TXN10313,LEDG_TXN10313,2499.0,POSTED,2026-09-04T18:15:09,2026-09-04,MATCHED
TXN10314,LEDG_TXN10314,6500.0,POSTED,2026-09-04T12:42:18,2026-09-04,MATCHED
TXN10315,LEDG_TXN10315,3500.0,POSTED,2026-09-04T09:42:54,2026-09-04,MATCHED
TXN10316,LEDG_TXN10316,1500.0,POSTED,2026-09-04T17:11:51,2026-09-04,MATCHED
TXN10317,LEDG_TXN10317,1500.0,POSTED,2026-09-04T11:38:20,2026-09-04,MATCHED
TXN10318,LEDG_TXN10318,3500.0,POSTED,2026-09-04T15:06:08,2026-09-04,MATCHED
TXN10319,LEDG_TXN10319,3500.0,POSTED,2026-09-04T16:34:16,2026-09-04,MATCHED
TXN10320,LEDG_TXN10320,999.0,POSTED,2026-09-04T13:11:46,2026-09-04,MATCHED
TXN10321,LEDG_TXN10321,3500.0,POSTED,2026-09-04T10:44:38,2026-09-04,MATCHED
TXN10322,LEDG_TXN10322,999.0,POSTED,2026-09-04T10:34:45,2026-09-04,MATCHED
TXN10323,LEDG_TXN10323,4999.0,POSTED,2026-09-04T16:49:52,2026-09-04,MATCHED
TXN10324,LEDG_TXN10324,250.0,POSTED,2026-09-04T14:53:42,2026-09-04,MATCHED
TXN10325,LEDG_TXN10325,4999.0,POSTED,2026-09-04T11:39:15,2026-09-04,MATCHED
TXN10326,LEDG_TXN10326,999.0,POSTED,2026-09-04T09:46:35,2026-09-04,MATCHED
TXN10327,LEDG_TXN10327,1200.0,POSTED,2026-09-04T13:07:08,2026-09-04,MATCHED
TXN10328,LEDG_TXN10328,4999.0,POSTED,2026-09-04T09:33:37,2026-09-04,MATCHED
TXN10329,LEDG_TXN10329,999.0,POSTED,2026-09-04T09:36:41,2026-09-04,MATCHED
TXN10330,LEDG_TXN10330,12000.0,POSTED,2026-09-04T17:10:52,2026-09-04,MATCHED
TXN10331,LEDG_TXN10331,4999.0,POSTED,2026-09-04T16:05:40,2026-09-04,MATCHED
TXN10332,LEDG_TXN10332,8900.0,POSTED,2026-09-04T17:58:08,2026-09-04,MATCHED
TXN10333,LEDG_TXN10333,1200.0,POSTED,2026-09-04T12:30:22,2026-09-04,MATCHED
TXN10334,LEDG_TXN10334,3500.0,POSTED,2026-09-04T14:17:06,2026-09-04,MATCHED
TXN10335,LEDG_TXN10335,999.0,POSTED,2026-09-04T14:43:10,2026-09-04,MATCHED
TXN10336,LEDG_TXN10336,15000.0,POSTED,2026-09-04T12:36:48,2026-09-04,MATCHED
TXN10337,LEDG_TXN10337,6500.0,POSTED,2026-09-04T17:10:17,2026-09-04,MATCHED
TXN10338,LEDG_TXN10338,15000.0,POSTED,2026-09-04T11:35:56,2026-09-04,MATCHED
TXN10339,LEDG_TXN10339,999.0,POSTED,2026-09-04T13:24:06,2026-09-04,MATCHED
TXN10340,LEDG_TXN10340,15000.0,POSTED,2026-09-04T09:53:35,2026-09-04,MATCHED
TXN10341,LEDG_TXN10341,3500.0,POSTED,2026-09-04T13:21:53,2026-09-04,MATCHED
TXN10342,LEDG_TXN10342,999.0,POSTED,2026-09-04T16:07:57,2026-09-04,MATCHED
TXN10343,LEDG_TXN10343,999.0,POSTED,2026-09-04T09:47:21,2026-09-04,MATCHED
TXN10344,LEDG_TXN10344,250.0,POSTED,2026-09-04T10:55:42,2026-09-04,MATCHED
TXN10345,LEDG_TXN10345,12000.0,POSTED,2026-09-04T09:38:49,2026-09-04,MATCHED
TXN10346,LEDG_TXN10346,499.0,POSTED,2026-09-04T13:18:14,2026-09-04,MATCHED
TXN10347,LEDG_TXN10347,4999.0,POSTED,2026-09-04T11:24:36,2026-09-04,MATCHED
TXN10348,LEDG_TXN10348,499.0,POSTED,2026-09-04T11:01:40,2026-09-04,MATCHED
TXN10349,LEDG_TXN10349,2499.0,POSTED,2026-09-04T10:06:18,2026-09-04,MATCHED
TXN10350,LEDG_TXN10350,8900.0,POSTED,2026-09-04T15:10:36,2026-09-04,MATCHED
TXN10351,LEDG_TXN10351,999.0,POSTED,2026-09-04T15:50:52,2026-09-04,MATCHED
TXN10352,LEDG_TXN10352,8900.0,POSTED,2026-09-04T16:04:24,2026-09-04,MATCHED
TXN10353,LEDG_TXN10353,12000.0,POSTED,2026-09-04T09:59:05,2026-09-04,MATCHED
TXN10354,LEDG_TXN10354,1200.0,POSTED,2026-09-04T15:57:05,2026-09-04,MATCHED
TXN10355,LEDG_TXN10355,4999.0,POSTED,2026-09-04T18:08:12,2026-09-04,MATCHED
TXN10356,LEDG_TXN10356,499.0,POSTED,2026-09-04T16:08:08,2026-09-04,MATCHED
TXN10357,LEDG_TXN10357,250.0,POSTED,2026-09-04T10:34:26,2026-09-04,MATCHED
TXN10358,LEDG_TXN10358,250.0,POSTED,2026-09-04T16:36:56,2026-09-04,MATCHED
TXN10359,LEDG_TXN10359,12000.0,POSTED,2026-09-04T10:20:57,2026-09-04,MATCHED
TXN10360,LEDG_TXN10360,15000.0,POSTED,2026-09-04T11:51:57,2026-09-04,MATCHED
TXN10361,LEDG_TXN10361,3500.0,POSTED,2026-09-04T14:16:27,2026-09-04,MATCHED
TXN10362,LEDG_TXN10362,15000.0,POSTED,2026-09-04T16:17:23,2026-09-04,MATCHED
TXN10363,LEDG_TXN10363,12000.0,POSTED,2026-09-04T11:22:55,2026-09-04,MATCHED
TXN10364,LEDG_TXN10364,8900.0,POSTED,2026-09-04T11:21:24,2026-09-04,MATCHED
TXN10365,LEDG_TXN10365,999.0,POSTED,2026-09-04T15:20:41,2026-09-04,MATCHED
TXN10366,LEDG_TXN10366,3500.0,POSTED,2026-09-04T17:30:24,2026-09-04,MATCHED
TXN10367,LEDG_TXN10367,999.0,POSTED,2026-09-04T13:58:59,2026-09-04,MATCHED
TXN10368,LEDG_TXN10368,6500.0,POSTED,2026-09-04T17:39:33,2026-09-04,MATCHED
TXN10369,LEDG_TXN10369,12000.0,POSTED,2026-09-04T17:12:59,2026-09-04,MATCHED
TXN10370,LEDG_TXN10370,499.0,POSTED,2026-09-04T12:01:31,2026-09-04,MATCHED
TXN10371,LEDG_TXN10371,999.0,POSTED,2026-09-04T17:02:23,2026-09-04,MATCHED
TXN10372,LEDG_TXN10372,2499.0,POSTED,2026-09-04T11:05:57,2026-09-04,MATCHED
TXN10373,LEDG_TXN10373,1200.0,POSTED,2026-09-04T10:33:50,2026-09-04,MATCHED
TXN10374,LEDG_TXN10374,12000.0,POSTED,2026-09-04T14:45:16,2026-09-04,MATCHED
TXN10375,LEDG_TXN10375,2499.0,POSTED,2026-09-04T18:10:37,2026-09-04,MATCHED
TXN10376,LEDG_TXN10376,12000.0,POSTED,2026-09-04T17:45:40,2026-09-04,MATCHED
TXN10377,LEDG_TXN10377,999.0,POSTED,2026-09-04T10:58:44,2026-09-04,MATCHED
TXN10378,LEDG_TXN10378,4999.0,POSTED,2026-09-04T13:38:10,2026-09-04,MATCHED
TXN10379,LEDG_TXN10379,499.0,POSTED,2026-09-04T09:58:39,2026-09-04,MATCHED
TXN10380,LEDG_TXN10380,250.0,POSTED,2026-09-04T16:04:39,2026-09-04,MATCHED
TXN10381,LEDG_TXN10381,6500.0,POSTED,2026-09-04T14:08:36,2026-09-04,MATCHED
TXN10382,LEDG_TXN10382,12000.0,POSTED,2026-09-04T14:24:34,2026-09-04,MATCHED
TXN10383,LEDG_TXN10383,6500.0,POSTED,2026-09-04T17:40:46,2026-09-04,MATCHED
TXN10384,LEDG_TXN10384,499.0,POSTED,2026-09-04T10:35:20,2026-09-04,MATCHED
TXN10385,LEDG_TXN10385,250.0,POSTED,2026-09-04T14:46:10,2026-09-04,MATCHED
TXN10386,LEDG_TXN10386,1500.0,POSTED,2026-09-04T16:42:34,2026-09-04,MATCHED
TXN10387,LEDG_TXN10387,12000.0,POSTED,2026-09-04T14:01:51,2026-09-04,MATCHED
TXN10388,LEDG_TXN10388,6500.0,POSTED,2026-09-04T17:30:20,2026-09-04,MATCHED
TXN10389,LEDG_TXN10389,250.0,POSTED,2026-09-04T15:41:52,2026-09-04,MATCHED
TXN10390,LEDG_TXN10390,4999.0,POSTED,2026-09-04T14:17:23,2026-09-04,MATCHED
TXN10391,LEDG_TXN10391,2499.0,POSTED,2026-09-04T09:16:27,2026-09-04,MATCHED
TXN10392,LEDG_TXN10392,12000.0,POSTED,2026-09-04T15:40:05,2026-09-04,MATCHED
TXN10393,LEDG_TXN10393,250.0,POSTED,2026-09-04T17:06:23,2026-09-04,MATCHED
TXN10394,LEDG_TXN10394,15000.0,POSTED,2026-09-04T11:37:05,2026-09-04,MATCHED
TXN10395,LEDG_TXN10395,250.0,POSTED,2026-09-04T15:10:29,2026-09-04,MATCHED
TXN10396,LEDG_TXN10396,6500.0,POSTED,2026-09-04T14:31:42,2026-09-04,MATCHED
TXN10397,LEDG_TXN10397,3500.0,POSTED,2026-09-04T16:28:25,2026-09-04,MATCHED
TXN10398,LEDG_TXN10398,3500.0,POSTED,2026-09-04T10:24:31,2026-09-04,MATCHED
TXN10399,LEDG_TXN10399,8900.0,POSTED,2026-09-04T11:42:56,2026-09-04,MATCHED
TXN10400,LEDG_TXN10400,250.0,POSTED,2026-09-04T17:42:02,2026-09-04,MATCHED
TXN10401,LEDG_TXN10401,4999.0,POSTED,2026-09-04T15:25:10,2026-09-04,MATCHED
TXN10402,LEDG_TXN10402,12000.0,POSTED,2026-09-04T17:14:01,2026-09-04,MATCHED
TXN10403,LEDG_TXN10403,12000.0,POSTED,2026-09-04T14:55:29,2026-09-04,MATCHED
TXN10404,LEDG_TXN10404,2499.0,POSTED,2026-09-04T13:32:28,2026-09-04,MATCHED
TXN10405,LEDG_TXN10405,12000.0,POSTED,2026-09-04T18:08:11,2026-09-04,MATCHED
TXN10406,LEDG_TXN10406,1200.0,POSTED,2026-09-04T10:12:52,2026-09-04,MATCHED
TXN10407,LEDG_TXN10407,4999.0,POSTED,2026-09-04T11:51:41,2026-09-04,MATCHED
TXN10408,LEDG_TXN10408,12000.0,POSTED,2026-09-04T09:36:19,2026-09-04,MATCHED
TXN10409,LEDG_TXN10409,15000.0,POSTED,2026-09-04T17:12:21,2026-09-04,MATCHED
TXN10410,LEDG_TXN10410,4999.0,POSTED,2026-09-04T12:49:29,2026-09-04,MATCHED
TXN10411,LEDG_TXN10411,6500.0,POSTED,2026-09-04T14:20:45,2026-09-04,MATCHED
TXN10412,LEDG_TXN10412,250.0,POSTED,2026-09-04T17:09:15,2026-09-04,MATCHED
TXN10413,LEDG_TXN10413,250.0,POSTED,2026-09-04T14:43:28,2026-09-04,MATCHED
TXN10414,LEDG_TXN10414,8900.0,POSTED,2026-09-04T14:31:28,2026-09-04,MATCHED
TXN10415,LEDG_TXN10415,8900.0,POSTED,2026-09-04T13:02:38,2026-09-04,MATCHED
TXN10416,LEDG_TXN10416,4999.0,POSTED,2026-09-04T14:58:11,2026-09-04,MATCHED
TXN10417,LEDG_TXN10417,6500.0,POSTED,2026-09-04T16:48:33,2026-09-04,MATCHED
TXN10418,LEDG_TXN10418,499.0,POSTED,2026-09-04T12:38:04,2026-09-04,MATCHED
TXN10419,LEDG_TXN10419,3500.0,POSTED,2026-09-04T14:25:59,2026-09-04,MATCHED
TXN10420,LEDG_TXN10420,1200.0,POSTED,2026-09-04T11:00:11,2026-09-04,MATCHED
TXN10421,LEDG_TXN10421,12000.0,POSTED,2026-09-04T12:13:15,2026-09-04,MATCHED
TXN10422,LEDG_TXN10422,1500.0,POSTED,2026-09-04T11:19:59,2026-09-04,MATCHED
TXN10423,LEDG_TXN10423,499.0,POSTED,2026-09-04T14:17:53,2026-09-04,MATCHED
TXN10424,LEDG_TXN10424,15000.0,POSTED,2026-09-04T17:51:39,2026-09-04,MATCHED
TXN10425,LEDG_TXN10425,499.0,POSTED,2026-09-04T16:07:18,2026-09-04,MATCHED
TXN10426,LEDG_TXN10426,2499.0,POSTED,2026-09-04T17:03:27,2026-09-04,MATCHED
TXN10427,LEDG_TXN10427,499.0,POSTED,2026-09-04T12:26:33,2026-09-04,MATCHED
TXN10428,LEDG_TXN10428,3500.0,POSTED,2026-09-04T11:19:39,2026-09-04,MATCHED
TXN10429,LEDG_TXN10429,2499.0,POSTED,2026-09-04T15:11:24,2026-09-04,MATCHED
TXN10430,LEDG_TXN10430,12000.0,POSTED,2026-09-04T15:52:22,2026-09-04,MATCHED
TXN10431,LEDG_TXN10431,250.0,POSTED,2026-09-04T11:34:46,2026-09-04,MATCHED
TXN10432,LEDG_TXN10432,8900.0,POSTED,2026-09-04T16:03:26,2026-09-04,MATCHED
TXN10433,LEDG_TXN10433,499.0,POSTED,2026-09-04T15:30:31,2026-09-04,MATCHED
TXN10434,LEDG_TXN10434,3500.0,POSTED,2026-09-04T18:01:27,2026-09-04,MATCHED
TXN10435,LEDG_TXN10435,999.0,POSTED,2026-09-04T12:31:05,2026-09-04,MATCHED
TXN10436,LEDG_TXN10436,250.0,POSTED,2026-09-04T12:19:36,2026-09-04,MATCHED
TXN10437,LEDG_TXN10437,999.0,POSTED,2026-09-04T11:04:42,2026-09-04,MATCHED
TXN10438,LEDG_TXN10438,4999.0,POSTED,2026-09-04T12:42:55,2026-09-04,MATCHED
TXN10439,LEDG_TXN10439,999.0,POSTED,2026-09-04T14:09:35,2026-09-04,MATCHED
TXN10440,LEDG_TXN10440,2499.0,POSTED,2026-09-04T12:58:55,2026-09-04,MATCHED
TXN10441,LEDG_TXN10441,1200.0,POSTED,2026-09-04T15:10:01,2026-09-04,MATCHED
TXN10442,LEDG_TXN10442,2499.0,POSTED,2026-09-04T11:42:57,2026-09-04,MATCHED
TXN10443,LEDG_TXN10443,6500.0,POSTED,2026-09-04T16:56:07,2026-09-04,MATCHED
TXN10444,LEDG_TXN10444,6500.0,POSTED,2026-09-04T17:22:00,2026-09-04,MATCHED
TXN10445,LEDG_TXN10445,8900.0,POSTED,2026-09-04T12:09:12,2026-09-04,MATCHED
TXN10446,LEDG_TXN10446,1500.0,POSTED,2026-09-04T17:22:37,2026-09-04,MATCHED
TXN10447,LEDG_TXN10447,4999.0,POSTED,2026-09-04T09:29:17,2026-09-04,MATCHED
TXN10448,LEDG_TXN10448,8900.0,POSTED,2026-09-04T09:44:03,2026-09-04,MATCHED
TXN10449,LEDG_TXN10449,250.0,POSTED,2026-09-04T15:03:46,2026-09-04,MATCHED
TXN10450,LEDG_TXN10450,1200.0,POSTED,2026-09-04T12:54:01,2026-09-04,MATCHED
TXN10451,LEDG_TXN10451,15000.0,POSTED,2026-09-04T14:52:38,2026-09-04,MATCHED
TXN10452,LEDG_TXN10452,6500.0,POSTED,2026-09-04T15:17:04,2026-09-04,MATCHED
TXN10453,LEDG_TXN10453,15000.0,POSTED,2026-09-04T16:08:24,2026-09-04,MATCHED
TXN10454,LEDG_TXN10454,1500.0,POSTED,2026-09-04T17:23:21,2026-09-04,MATCHED
TXN10455,LEDG_TXN10455,2499.0,POSTED,2026-09-04T10:17:18,2026-09-04,MATCHED
TXN10456,LEDG_TXN10456,15000.0,POSTED,2026-09-04T13:01:01,2026-09-04,MATCHED
TXN10457,LEDG_TXN10457,250.0,POSTED,2026-09-04T15:23:50,2026-09-04,MATCHED
TXN10458,LEDG_TXN10458,6500.0,POSTED,2026-09-04T15:19:52,2026-09-04,MATCHED
TXN10459,LEDG_TXN10459,8900.0,POSTED,2026-09-04T17:02:41,2026-09-04,MATCHED
TXN10460,LEDG_TXN10460,1500.0,POSTED,2026-09-04T09:52:09,2026-09-04,MATCHED
TXN10461,LEDG_TXN10461,8900.0,POSTED,2026-09-04T16:45:14,2026-09-04,MATCHED
TXN10462,LEDG_TXN10462,3500.0,POSTED,2026-09-04T10:59:16,2026-09-04,MATCHED
TXN10463,LEDG_TXN10463,1200.0,POSTED,2026-09-04T11:40:06,2026-09-04,MATCHED
TXN10464,LEDG_TXN10464,499.0,POSTED,2026-09-04T14:52:16,2026-09-04,MATCHED
TXN10465,LEDG_TXN10465,15000.0,POSTED,2026-09-04T17:46:13,2026-09-04,MATCHED
TXN10466,LEDG_TXN10466,8900.0,POSTED,2026-09-04T13:11:52,2026-09-04,MATCHED
TXN10467,LEDG_TXN10467,12000.0,POSTED,2026-09-04T09:38:52,2026-09-04,MATCHED
TXN10468,LEDG_TXN10468,4999.0,POSTED,2026-09-04T11:24:40,2026-09-04,MATCHED
TXN10469,LEDG_TXN10469,2499.0,POSTED,2026-09-04T14:57:18,2026-09-04,MATCHED
TXN10470,LEDG_TXN10470,3500.0,POSTED,2026-09-04T12:24:51,2026-09-04,MATCHED
TXN10471,LEDG_TXN10471,3500.0,POSTED,2026-09-04T12:54:07,2026-09-04,MATCHED
TXN10472,LEDG_TXN10472,15000.0,POSTED,2026-09-04T11:29:46,2026-09-04,MATCHED
TXN10473,LEDG_TXN10473,999.0,POSTED,2026-09-04T11:35:46,2026-09-04,MATCHED
TXN10474,LEDG_TXN10474,8900.0,POSTED,2026-09-04T11:21:25,2026-09-04,MATCHED
TXN10475,LEDG_TXN10475,8900.0,POSTED,2026-09-04T16:24:50,2026-09-04,MATCHED
TXN10476,LEDG_TXN10476,3500.0,POSTED,2026-09-04T10:08:54,2026-09-04,MATCHED
TXN10477,LEDG_TXN10477,250.0,POSTED,2026-09-04T12:44:09,2026-09-04,MATCHED
TXN10478,LEDG_TXN10478,250.0,POSTED,2026-09-04T16:47:42,2026-09-04,MATCHED
TXN10479,LEDG_TXN10479,1500.0,POSTED,2026-09-04T13:46:11,2026-09-04,MATCHED
TXN10480,LEDG_TXN10480,499.0,POSTED,2026-09-04T10:58:15,2026-09-04,MATCHED
TXN10481,LEDG_TXN10481,2499.0,POSTED,2026-09-04T16:14:50,2026-09-04,MATCHED
TXN10482,LEDG_TXN10482,3500.0,POSTED,2026-09-04T15:51:39,2026-09-04,DISCREPANCY
TXN10483,LEDG_TXN10483,999.0,POSTED,2026-09-04T12:07:15,2026-09-04,MATCHED
TXN10484,LEDG_TXN10484,1500.0,POSTED,2026-09-04T12:19:11,2026-09-04,MATCHED
TXN10485,LEDG_TXN10485,499.0,POSTED,2026-09-04T16:38:02,2026-09-04,MATCHED
TXN10486,LEDG_TXN10486,250.0,POSTED,2026-09-04T10:01:04,2026-09-04,MATCHED
TXN10487,LEDG_TXN10487,15000.0,POSTED,2026-09-04T13:59:57,2026-09-04,MATCHED
TXN10488,LEDG_TXN10488,3500.0,POSTED,2026-09-04T16:08:23,2026-09-04,MATCHED
TXN10489,LEDG_TXN10489,499.0,POSTED,2026-09-04T12:57:33,2026-09-04,MATCHED
TXN10490,LEDG_TXN10490,4999.0,POSTED,2026-09-04T11:54:28,2026-09-04,MATCHED
TXN10491,LEDG_TXN10491,12000.0,POSTED,2026-09-04T10:16:40,2026-09-04,MATCHED
TXN10492,LEDG_TXN10492,1500.0,POSTED,2026-09-04T13:03:07,2026-09-04,MATCHED
TXN10493,LEDG_TXN10493,1200.0,POSTED,2026-09-04T10:10:48,2026-09-04,MATCHED
TXN10494,LEDG_TXN10494,3500.0,POSTED,2026-09-04T17:09:22,2026-09-04,MATCHED
TXN10495,LEDG_TXN10495,1500.0,POSTED,2026-09-04T14:24:29,2026-09-04,MATCHED
TXN10496,LEDG_TXN10496,2499.0,POSTED,2026-09-04T13:56:59,2026-09-04,MATCHED
TXN10497,LEDG_TXN10497,250.0,POSTED,2026-09-04T11:24:01,2026-09-04,MATCHED
TXN10498,LEDG_TXN10498,6500.0,POSTED,2026-09-04T16:55:31,2026-09-04,MATCHED
TXN10499,LEDG_TXN10499,6500.0,POSTED,2026-09-04T15:53:16,2026-09-04,MATCHED
TXN10500,LEDG_TXN10500,12000.0,POSTED,2026-09-04T10:47:57,2026-09-04,MATCHED
TXN10501,LEDG_TXN10501,4999.0,POSTED,2026-09-04T17:34:06,2026-09-04,MATCHED
TXN10502,LEDG_TXN10502,2499.0,POSTED,2026-09-04T17:42:39,2026-09-04,MATCHED
TXN10503,LEDG_TXN10503,4999.0,POSTED,2026-09-04T09:15:43,2026-09-04,MATCHED
TXN10504,LEDG_TXN10504,1200.0,POSTED,2026-09-04T14:36:30,2026-09-04,MATCHED
TXN10505,LEDG_TXN10505,8900.0,POSTED,2026-09-04T12:26:00,2026-09-04,MATCHED
TXN10506,LEDG_TXN10506,2499.0,POSTED,2026-09-04T10:41:57,2026-09-04,MATCHED
TXN10507,LEDG_TXN10507,12000.0,POSTED,2026-09-04T10:35:40,2026-09-04,MATCHED
TXN10508,LEDG_TXN10508,2499.0,POSTED,2026-09-04T16:39:51,2026-09-04,MATCHED
TXN10509,LEDG_TXN10509,8900.0,POSTED,2026-09-04T16:19:12,2026-09-04,MATCHED
TXN10510,LEDG_TXN10510,12000.0,POSTED,2026-09-04T15:33:43,2026-09-04,MATCHED
TXN10511,LEDG_TXN10511,8900.0,POSTED,2026-09-04T17:37:56,2026-09-04,MATCHED
TXN10512,LEDG_TXN10512,8900.0,POSTED,2026-09-04T10:48:14,2026-09-04,MATCHED
TXN10513,LEDG_TXN10513,250.0,POSTED,2026-09-04T11:09:53,2026-09-04,MATCHED
TXN10514,LEDG_TXN10514,1200.0,POSTED,2026-09-04T11:46:36,2026-09-04,MATCHED
TXN10515,LEDG_TXN10515,999.0,POSTED,2026-09-04T16:56:09,2026-09-04,MATCHED
TXN10516,LEDG_TXN10516,4999.0,POSTED,2026-09-04T17:41:14,2026-09-04,MATCHED
TXN10517,LEDG_TXN10517,8900.0,POSTED,2026-09-04T16:17:17,2026-09-04,MATCHED
TXN10518,LEDG_TXN10518,1500.0,POSTED,2026-09-04T18:14:17,2026-09-04,MATCHED
TXN10519,LEDG_TXN10519,6500.0,POSTED,2026-09-04T10:13:01,2026-09-04,MATCHED
TXN10520,LEDG_TXN10520,15000.0,POSTED,2026-09-04T13:17:25,2026-09-04,MATCHED
TXN10521,LEDG_TXN10521,999.0,POSTED,2026-09-04T13:44:16,2026-09-04,MATCHED
TXN10522,LEDG_TXN10522,2499.0,POSTED,2026-09-04T11:57:07,2026-09-04,MATCHED
TXN10523,LEDG_TXN10523,3500.0,POSTED,2026-09-04T12:11:20,2026-09-04,MATCHED
TXN10524,LEDG_TXN10524,3500.0,POSTED,2026-09-04T09:27:13,2026-09-04,MATCHED
TXN10525,LEDG_TXN10525,4999.0,POSTED,2026-09-04T09:41:07,2026-09-04,MATCHED
TXN10526,LEDG_TXN10526,1500.0,POSTED,2026-09-04T13:40:55,2026-09-04,MATCHED
TXN10527,LEDG_TXN10527,250.0,POSTED,2026-09-04T11:37:32,2026-09-04,MATCHED
TXN10528,LEDG_TXN10528,250.0,POSTED,2026-09-04T13:32:39,2026-09-04,MATCHED
TXN10529,LEDG_TXN10529,999.0,POSTED,2026-09-04T11:05:11,2026-09-04,MATCHED
TXN10530,LEDG_TXN10530,15000.0,POSTED,2026-09-04T14:01:42,2026-09-04,MATCHED
TXN10531,LEDG_TXN10531,4200.0,POSTED,2026-09-04T13:12:00,2026-09-04,DISCREPANCY
TXN10532,LEDG_TXN10532,499.0,POSTED,2026-09-04T11:56:35,2026-09-04,MATCHED
TXN10533,LEDG_TXN10533,8900.0,POSTED,2026-09-04T09:22:57,2026-09-04,MATCHED
TXN10534,LEDG_TXN10534,3500.0,POSTED,2026-09-04T12:02:52,2026-09-04,MATCHED
TXN10535,LEDG_TXN10535,2499.0,POSTED,2026-09-04T10:47:59,2026-09-04,MATCHED
TXN10536,LEDG_TXN10536,999.0,POSTED,2026-09-04T14:00:08,2026-09-04,MATCHED
TXN10537,LEDG_TXN10537,4999.0,POSTED,2026-09-04T11:06:26,2026-09-04,MATCHED
TXN10538,LEDG_TXN10538,4999.0,POSTED,2026-09-04T16:45:41,2026-09-04,MATCHED
TXN10539,LEDG_TXN10539,8900.0,POSTED,2026-09-04T17:22:46,2026-09-04,MATCHED
TXN10540,LEDG_TXN10540,250.0,POSTED,2026-09-04T09:27:33,2026-09-04,MATCHED
TXN10541,LEDG_TXN10541,3500.0,POSTED,2026-09-04T10:59:52,2026-09-04,MATCHED
TXN10542,LEDG_TXN10542,499.0,POSTED,2026-09-04T11:30:03,2026-09-04,MATCHED
TXN10543,LEDG_TXN10543,12000.0,POSTED,2026-09-04T11:24:45,2026-09-04,MATCHED
TXN10544,LEDG_TXN10544,4999.0,POSTED,2026-09-04T16:02:52,2026-09-04,MATCHED
TXN10545,LEDG_TXN10545,8900.0,POSTED,2026-09-04T11:57:50,2026-09-04,MATCHED
TXN10546,LEDG_TXN10546,6500.0,POSTED,2026-09-04T15:15:01,2026-09-04,MATCHED
TXN10547,LEDG_TXN10547,12000.0,POSTED,2026-09-04T16:24:01,2026-09-04,MATCHED
TXN10548,LEDG_TXN10548,6500.0,POSTED,2026-09-04T11:05:31,2026-09-04,MATCHED
TXN10549,LEDG_TXN10549,12000.0,POSTED,2026-09-04T15:28:21,2026-09-04,MATCHED
TXN10550,LEDG_TXN10550,4999.0,POSTED,2026-09-04T10:41:32,2026-09-04,MATCHED
TXN10551,LEDG_TXN10551,1500.0,POSTED,2026-09-04T12:51:26,2026-09-04,MATCHED
TXN10552,LEDG_TXN10552,2499.0,POSTED,2026-09-04T15:20:46,2026-09-04,MATCHED
TXN10553,LEDG_TXN10553,6500.0,POSTED,2026-09-04T10:43:06,2026-09-04,MATCHED
TXN10554,LEDG_TXN10554,1200.0,POSTED,2026-09-04T14:45:02,2026-09-04,MATCHED
TXN10555,LEDG_TXN10555,15000.0,POSTED,2026-09-04T17:40:13,2026-09-04,MATCHED
TXN10556,LEDG_TXN10556,12000.0,POSTED,2026-09-04T14:36:40,2026-09-04,MATCHED
TXN10557,LEDG_TXN10557,999.0,POSTED,2026-09-04T16:51:41,2026-09-04,MATCHED
TXN10558,LEDG_TXN10558,3500.0,POSTED,2026-09-04T17:23:20,2026-09-04,MATCHED
TXN10559,LEDG_TXN10559,2499.0,POSTED,2026-09-04T09:20:28,2026-09-04,MATCHED
TXN10560,LEDG_TXN10560,499.0,POSTED,2026-09-04T14:28:29,2026-09-04,MATCHED
TXN10561,LEDG_TXN10561,4999.0,POSTED,2026-09-04T10:32:34,2026-09-04,MATCHED
TXN10562,LEDG_TXN10562,4999.0,POSTED,2026-09-04T10:25:35,2026-09-04,MATCHED
TXN10563,LEDG_TXN10563,1200.0,POSTED,2026-09-04T16:22:17,2026-09-04,MATCHED
TXN10564,LEDG_TXN10564,250.0,POSTED,2026-09-04T16:58:16,2026-09-04,MATCHED
TXN10565,LEDG_TXN10565,2499.0,POSTED,2026-09-04T14:59:51,2026-09-04,MATCHED
TXN10566,LEDG_TXN10566,1500.0,POSTED,2026-09-04T12:44:35,2026-09-04,MATCHED
TXN10567,LEDG_TXN10567,15000.0,POSTED,2026-09-04T11:22:05,2026-09-04,MATCHED
TXN10568,LEDG_TXN10568,15000.0,POSTED,2026-09-04T11:22:28,2026-09-04,MATCHED
TXN10569,LEDG_TXN10569,999.0,POSTED,2026-09-04T16:07:06,2026-09-04,MATCHED
TXN10570,LEDG_TXN10570,12000.0,POSTED,2026-09-04T14:02:42,2026-09-04,MATCHED
TXN10571,LEDG_TXN10571,8900.0,POSTED,2026-09-04T13:10:09,2026-09-04,MATCHED
TXN10572,LEDG_TXN10572,499.0,POSTED,2026-09-04T13:28:35,2026-09-04,MATCHED
TXN10573,LEDG_TXN10573,15000.0,POSTED,2026-09-04T14:52:43,2026-09-04,MATCHED
TXN10574,LEDG_TXN10574,4999.0,POSTED,2026-09-04T12:57:55,2026-09-04,MATCHED
TXN10575,LEDG_TXN10575,4999.0,POSTED,2026-09-04T11:33:25,2026-09-04,MATCHED
TXN10576,LEDG_TXN10576,15000.0,POSTED,2026-09-04T11:49:06,2026-09-04,MATCHED
TXN10577,LEDG_TXN10577,1200.0,POSTED,2026-09-04T17:58:51,2026-09-04,MATCHED
TXN10578,LEDG_TXN10578,15000.0,POSTED,2026-09-04T11:47:05,2026-09-04,MATCHED
TXN10579,LEDG_TXN10579,12000.0,POSTED,2026-09-04T16:15:08,2026-09-04,MATCHED
TXN10580,LEDG_TXN10580,15000.0,POSTED,2026-09-04T11:28:54,2026-09-04,MATCHED
TXN10581,LEDG_TXN10581,499.0,POSTED,2026-09-04T17:51:01,2026-09-04,MATCHED
TXN10582,LEDG_TXN10582,15000.0,POSTED,2026-09-04T13:36:39,2026-09-04,MATCHED
TXN10583,LEDG_TXN10583,999.0,POSTED,2026-09-04T16:44:44,2026-09-04,MATCHED
TXN10584,LEDG_TXN10584,499.0,POSTED,2026-09-04T15:45:31,2026-09-04,MATCHED
TXN10585,LEDG_TXN10585,250.0,POSTED,2026-09-04T11:56:02,2026-09-04,MATCHED
TXN10586,LEDG_TXN10586,4999.0,POSTED,2026-09-04T10:12:23,2026-09-04,MATCHED
TXN10587,LEDG_TXN10587,12000.0,POSTED,2026-09-04T09:22:49,2026-09-04,MATCHED
TXN10588,LEDG_TXN10588,1500.0,POSTED,2026-09-04T12:10:01,2026-09-04,MATCHED
TXN10589,LEDG_TXN10589,15000.0,POSTED,2026-09-04T09:59:57,2026-09-04,MATCHED
TXN10590,LEDG_TXN10590,499.0,POSTED,2026-09-04T11:45:04,2026-09-04,MATCHED
TXN10591,LEDG_TXN10591,4999.0,POSTED,2026-09-04T10:41:23,2026-09-04,MATCHED
TXN10592,LEDG_TXN10592,3500.0,POSTED,2026-09-04T16:24:36,2026-09-04,MATCHED
TXN10593,LEDG_TXN10593,3500.0,POSTED,2026-09-04T16:53:03,2026-09-04,MATCHED
TXN10594,LEDG_TXN10594,1200.0,POSTED,2026-09-04T14:27:58,2026-09-04,MATCHED
TXN10595,LEDG_TXN10595,12000.0,POSTED,2026-09-04T15:34:58,2026-09-04,MATCHED
TXN10596,LEDG_TXN10596,250.0,POSTED,2026-09-04T12:56:53,2026-09-04,MATCHED
TXN10597,LEDG_TXN10597,499.0,POSTED,2026-09-04T13:55:12,2026-09-04,MATCHED
TXN10598,LEDG_TXN10598,250.0,POSTED,2026-09-04T17:49:25,2026-09-04,MATCHED
TXN10599,LEDG_TXN10599,1500.0,POSTED,2026-09-04T17:53:30,2026-09-04,MATCHED
TXN10600,LEDG_TXN10600,8900.0,POSTED,2026-09-04T17:54:17,2026-09-04,MATCHED
TXN10601,LEDG_TXN10601,250.0,POSTED,2026-09-04T13:31:35,2026-09-04,MATCHED
TXN10602,LEDG_TXN10602,2499.0,POSTED,2026-09-04T10:48:02,2026-09-04,MATCHED
TXN10603,LEDG_TXN10603,999.0,POSTED,2026-09-04T13:15:52,2026-09-04,MATCHED
TXN10604,LEDG_TXN10604,2499.0,POSTED,2026-09-04T16:50:29,2026-09-04,MATCHED
TXN10605,LEDG_TXN10605,12000.0,POSTED,2026-09-04T16:45:03,2026-09-04,MATCHED
TXN10606,LEDG_TXN10606,1500.0,POSTED,2026-09-04T13:24:17,2026-09-04,MATCHED
TXN10607,LEDG_TXN10607,1200.0,POSTED,2026-09-04T17:43:50,2026-09-04,MATCHED
TXN10608,LEDG_TXN10608,8900.0,POSTED,2026-09-04T15:35:39,2026-09-04,MATCHED
TXN10609,LEDG_TXN10609,12000.0,POSTED,2026-09-04T16:39:08,2026-09-04,MATCHED
TXN10610,LEDG_TXN10610,12000.0,POSTED,2026-09-04T12:26:36,2026-09-04,MATCHED
TXN10611,LEDG_TXN10611,8900.0,POSTED,2026-09-04T11:28:55,2026-09-04,MATCHED
TXN10612,LEDG_TXN10612,250.0,POSTED,2026-09-04T15:53:19,2026-09-04,MATCHED
TXN10613,LEDG_TXN10613,499.0,POSTED,2026-09-04T09:14:09,2026-09-04,MATCHED
TXN10614,LEDG_TXN10614,8900.0,POSTED,2026-09-04T11:32:28,2026-09-04,MATCHED
TXN10615,LEDG_TXN10615,8900.0,POSTED,2026-09-04T14:35:08,2026-09-04,MATCHED
TXN10616,LEDG_TXN10616,2499.0,POSTED,2026-09-04T09:47:45,2026-09-04,MATCHED
TXN10617,LEDG_TXN10617,8900.0,POSTED,2026-09-04T13:14:43,2026-09-04,MATCHED
TXN10618,LEDG_TXN10618,3500.0,POSTED,2026-09-04T16:37:45,2026-09-04,MATCHED
TXN10619,LEDG_TXN10619,499.0,POSTED,2026-09-04T09:35:11,2026-09-04,MATCHED
TXN10620,LEDG_TXN10620,15000.0,POSTED,2026-09-04T14:37:37,2026-09-04,MATCHED
TXN10621,LEDG_TXN10621,1500.0,POSTED,2026-09-04T15:21:33,2026-09-04,MATCHED
TXN10622,LEDG_TXN10622,15000.0,POSTED,2026-09-04T14:48:00,2026-09-04,MATCHED
TXN10623,LEDG_TXN10623,3500.0,POSTED,2026-09-04T14:29:48,2026-09-04,MATCHED
TXN10624,LEDG_TXN10624,8900.0,POSTED,2026-09-04T11:14:58,2026-09-04,MATCHED
TXN10625,LEDG_TXN10625,4999.0,POSTED,2026-09-04T17:04:38,2026-09-04,MATCHED
TXN10626,LEDG_TXN10626,8900.0,POSTED,2026-09-04T16:10:01,2026-09-04,MATCHED
TXN10627,LEDG_TXN10627,12000.0,POSTED,2026-09-04T12:40:05,2026-09-04,MATCHED
TXN10628,LEDG_TXN10628,1500.0,POSTED,2026-09-04T15:57:45,2026-09-04,MATCHED
TXN10629,LEDG_TXN10629,8900.0,POSTED,2026-09-04T09:33:39,2026-09-04,MATCHED
TXN10630,LEDG_TXN10630,2499.0,POSTED,2026-09-04T17:44:57,2026-09-04,MATCHED
TXN10631,LEDG_TXN10631,1500.0,POSTED,2026-09-04T11:45:37,2026-09-04,MATCHED
TXN10632,LEDG_TXN10632,6500.0,POSTED,2026-09-04T16:59:58,2026-09-04,MATCHED
TXN10633,LEDG_TXN10633,4999.0,POSTED,2026-09-04T15:23:55,2026-09-04,MATCHED
TXN10634,LEDG_TXN10634,1500.0,POSTED,2026-09-04T10:24:55,2026-09-04,MATCHED
TXN10635,LEDG_TXN10635,1200.0,POSTED,2026-09-04T16:09:26,2026-09-04,MATCHED
TXN10636,LEDG_TXN10636,4999.0,POSTED,2026-09-04T11:16:55,2026-09-04,MATCHED
TXN10637,LEDG_TXN10637,8900.0,POSTED,2026-09-04T15:08:05,2026-09-04,MATCHED
TXN10638,LEDG_TXN10638,999.0,POSTED,2026-09-04T10:35:32,2026-09-04,MATCHED
TXN10639,LEDG_TXN10639,3500.0,POSTED,2026-09-04T10:34:14,2026-09-04,MATCHED
TXN10640,LEDG_TXN10640,8900.0,POSTED,2026-09-04T16:31:11,2026-09-04,MATCHED
TXN10641,LEDG_TXN10641,12000.0,POSTED,2026-09-04T17:04:38,2026-09-04,MATCHED
TXN10642,LEDG_TXN10642,12000.0,POSTED,2026-09-04T13:26:43,2026-09-04,MATCHED
TXN10643,LEDG_TXN10643,499.0,POSTED,2026-09-04T17:44:38,2026-09-04,MATCHED
TXN10644,LEDG_TXN10644,3500.0,POSTED,2026-09-04T12:02:29,2026-09-04,MATCHED
TXN10645,LEDG_TXN10645,999.0,POSTED,2026-09-04T15:18:58,2026-09-04,MATCHED
TXN10646,LEDG_TXN10646,12000.0,POSTED,2026-09-04T10:18:17,2026-09-04,MATCHED
TXN10647,LEDG_TXN10647,499.0,POSTED,2026-09-04T16:05:29,2026-09-04,MATCHED
TXN10648,LEDG_TXN10648,3500.0,POSTED,2026-09-04T11:55:43,2026-09-04,MATCHED
TXN10649,LEDG_TXN10649,4999.0,POSTED,2026-09-04T12:05:13,2026-09-04,MATCHED
TXN10650,LEDG_TXN10650,15000.0,POSTED,2026-09-04T09:23:16,2026-09-04,MATCHED
TXN10651,LEDG_TXN10651,8900.0,POSTED,2026-09-04T18:08:17,2026-09-04,MATCHED
TXN10652,LEDG_TXN10652,12000.0,POSTED,2026-09-04T10:42:22,2026-09-04,MATCHED
TXN10653,LEDG_TXN10653,15000.0,POSTED,2026-09-04T15:14:24,2026-09-04,MATCHED
TXN10654,LEDG_TXN10654,499.0,POSTED,2026-09-04T13:55:46,2026-09-04,MATCHED
TXN10655,LEDG_TXN10655,250.0,POSTED,2026-09-04T12:52:04,2026-09-04,MATCHED
TXN10656,LEDG_TXN10656,1200.0,POSTED,2026-09-04T12:19:59,2026-09-04,MATCHED
TXN10657,LEDG_TXN10657,4999.0,POSTED,2026-09-04T10:20:02,2026-09-04,MATCHED
TXN10658,LEDG_TXN10658,1200.0,POSTED,2026-09-04T11:55:45,2026-09-04,MATCHED
TXN10659,LEDG_TXN10659,1200.0,POSTED,2026-09-04T11:19:19,2026-09-04,MATCHED
TXN10660,LEDG_TXN10660,3500.0,POSTED,2026-09-04T13:33:31,2026-09-04,MATCHED
TXN10661,LEDG_TXN10661,6500.0,POSTED,2026-09-04T16:07:17,2026-09-04,MATCHED
TXN10662,LEDG_TXN10662,3500.0,POSTED,2026-09-04T16:09:46,2026-09-04,MATCHED
TXN10663,LEDG_TXN10663,12000.0,POSTED,2026-09-04T15:53:07,2026-09-04,MATCHED
TXN10664,LEDG_TXN10664,6500.0,POSTED,2026-09-04T16:56:38,2026-09-04,MATCHED
TXN10665,LEDG_TXN10665,1500.0,POSTED,2026-09-04T11:51:06,2026-09-04,MATCHED
TXN10666,LEDG_TXN10666,1200.0,POSTED,2026-09-04T17:47:44,2026-09-04,MATCHED
TXN10667,LEDG_TXN10667,499.0,POSTED,2026-09-04T09:59:47,2026-09-04,MATCHED
TXN10668,LEDG_TXN10668,12000.0,POSTED,2026-09-04T14:29:53,2026-09-04,MATCHED
TXN10669,LEDG_TXN10669,3500.0,POSTED,2026-09-04T11:59:01,2026-09-04,MATCHED
TXN10670,LEDG_TXN10670,3500.0,POSTED,2026-09-04T17:52:51,2026-09-04,MATCHED
TXN10671,LEDG_TXN10671,4999.0,POSTED,2026-09-04T11:50:40,2026-09-04,MATCHED
TXN10672,LEDG_TXN10672,3500.0,POSTED,2026-09-04T10:54:38,2026-09-04,MATCHED
TXN10673,LEDG_TXN10673,250.0,POSTED,2026-09-04T13:34:13,2026-09-04,MATCHED
TXN10674,LEDG_TXN10674,2499.0,POSTED,2026-09-04T09:21:32,2026-09-04,MATCHED
TXN10675,LEDG_TXN10675,4999.0,POSTED,2026-09-04T11:45:32,2026-09-04,MATCHED
TXN10676,LEDG_TXN10676,250.0,POSTED,2026-09-04T15:34:25,2026-09-04,MATCHED
TXN10677,LEDG_TXN10677,8900.0,POSTED,2026-09-04T17:23:05,2026-09-04,MATCHED
TXN10678,LEDG_TXN10678,1200.0,POSTED,2026-09-04T09:26:26,2026-09-04,MATCHED
TXN10679,LEDG_TXN10679,999.0,POSTED,2026-09-04T09:37:27,2026-09-04,MATCHED
TXN10680,LEDG_TXN10680,499.0,POSTED,2026-09-04T11:28:27,2026-09-04,MATCHED
TXN10681,LEDG_TXN10681,999.0,POSTED,2026-09-04T15:23:27,2026-09-04,MATCHED
TXN10682,LEDG_TXN10682,6500.0,POSTED,2026-09-04T16:40:03,2026-09-04,MATCHED
TXN10683,LEDG_TXN10683,250.0,POSTED,2026-09-04T13:16:57,2026-09-04,MATCHED
TXN10684,LEDG_TXN10684,12000.0,POSTED,2026-09-04T16:21:43,2026-09-04,MATCHED
TXN10685,LEDG_TXN10685,4999.0,POSTED,2026-09-04T09:08:47,2026-09-04,MATCHED
TXN10686,LEDG_TXN10686,6500.0,POSTED,2026-09-04T12:54:33,2026-09-04,MATCHED
TXN10687,LEDG_TXN10687,3500.0,POSTED,2026-09-04T17:32:54,2026-09-04,MATCHED
TXN10688,LEDG_TXN10688,2499.0,POSTED,2026-09-04T13:07:12,2026-09-04,MATCHED
TXN10689,LEDG_TXN10689,3500.0,POSTED,2026-09-04T10:03:13,2026-09-04,MATCHED
TXN10690,LEDG_TXN10690,8900.0,POSTED,2026-09-04T15:02:24,2026-09-04,MATCHED
TXN10691,LEDG_TXN10691,12000.0,POSTED,2026-09-04T10:07:17,2026-09-04,MATCHED
TXN10692,LEDG_TXN10692,15000.0,POSTED,2026-09-04T17:16:50,2026-09-04,MATCHED
TXN10693,LEDG_TXN10693,999.0,POSTED,2026-09-04T11:20:53,2026-09-04,MATCHED
TXN10694,LEDG_TXN10694,250.0,POSTED,2026-09-04T18:10:36,2026-09-04,MATCHED
TXN10695,LEDG_TXN10695,250.0,POSTED,2026-09-04T16:38:08,2026-09-04,MATCHED
TXN10696,LEDG_TXN10696,15000.0,POSTED,2026-09-04T09:59:06,2026-09-04,MATCHED
TXN10697,LEDG_TXN10697,250.0,POSTED,2026-09-04T16:38:38,2026-09-04,MATCHED
TXN10698,LEDG_TXN10698,8900.0,POSTED,2026-09-04T11:07:45,2026-09-04,MATCHED
TXN10699,LEDG_TXN10699,4999.0,POSTED,2026-09-04T11:25:32,2026-09-04,MATCHED
TXN10700,LEDG_TXN10700,8900.0,POSTED,2026-09-04T15:43:39,2026-09-04,MATCHED
TXN10701,LEDG_TXN10701,250.0,POSTED,2026-09-04T15:02:05,2026-09-04,MATCHED
TXN10702,LEDG_TXN10702,1500.0,POSTED,2026-09-04T11:59:53,2026-09-04,MATCHED
TXN10703,LEDG_TXN10703,2499.0,POSTED,2026-09-04T15:44:42,2026-09-04,MATCHED
TXN10704,LEDG_TXN10704,12000.0,POSTED,2026-09-04T17:53:05,2026-09-04,MATCHED
TXN10705,LEDG_TXN10705,1200.0,POSTED,2026-09-04T12:59:17,2026-09-04,MATCHED
TXN10706,LEDG_TXN10706,999.0,POSTED,2026-09-04T13:44:47,2026-09-04,MATCHED
TXN10707,LEDG_TXN10707,15000.0,POSTED,2026-09-04T12:32:54,2026-09-04,MATCHED
TXN10708,LEDG_TXN10708,1500.0,POSTED,2026-09-04T17:25:21,2026-09-04,MATCHED
TXN10709,LEDG_TXN10709,1500.0,POSTED,2026-09-04T11:29:06,2026-09-04,MATCHED
TXN10710,LEDG_TXN10710,499.0,POSTED,2026-09-04T15:58:25,2026-09-04,MATCHED
TXN10711,LEDG_TXN10711,999.0,POSTED,2026-09-04T10:22:38,2026-09-04,MATCHED
TXN10712,LEDG_TXN10712,1500.0,POSTED,2026-09-04T13:04:15,2026-09-04,MATCHED
TXN10713,LEDG_TXN10713,4999.0,POSTED,2026-09-04T12:59:08,2026-09-04,MATCHED
TXN10714,LEDG_TXN10714,6500.0,POSTED,2026-09-04T14:57:30,2026-09-04,MATCHED
TXN10715,LEDG_TXN10715,3500.0,POSTED,2026-09-04T17:10:26,2026-09-04,MATCHED
TXN10716,LEDG_TXN10716,2499.0,POSTED,2026-09-04T13:45:02,2026-09-04,MATCHED
TXN10717,LEDG_TXN10717,2499.0,POSTED,2026-09-04T15:03:03,2026-09-04,MATCHED
TXN10718,LEDG_TXN10718,12000.0,POSTED,2026-09-04T17:42:15,2026-09-04,MATCHED
TXN10719,LEDG_TXN10719,15000.0,POSTED,2026-09-04T14:26:15,2026-09-04,MATCHED
TXN10720,LEDG_TXN10720,3500.0,POSTED,2026-09-04T15:09:20,2026-09-04,MATCHED
TXN10721,LEDG_TXN10721,8900.0,POSTED,2026-09-04T16:29:55,2026-09-04,MATCHED
TXN10722,LEDG_TXN10722,6500.0,POSTED,2026-09-04T16:47:32,2026-09-04,MATCHED
TXN10723,LEDG_TXN10723,3500.0,POSTED,2026-09-04T14:27:34,2026-09-04,MATCHED
TXN10724,LEDG_TXN10724,3500.0,POSTED,2026-09-04T15:36:49,2026-09-04,MATCHED
TXN10725,LEDG_TXN10725,6500.0,POSTED,2026-09-04T11:23:29,2026-09-04,MATCHED
TXN10726,LEDG_TXN10726,499.0,POSTED,2026-09-04T14:13:21,2026-09-04,MATCHED
TXN10727,LEDG_TXN10727,4999.0,POSTED,2026-09-04T11:45:37,2026-09-04,MATCHED
TXN10728,LEDG_TXN10728,6500.0,POSTED,2026-09-04T13:45:18,2026-09-04,MATCHED
TXN10729,LEDG_TXN10729,8900.0,POSTED,2026-09-04T16:47:17,2026-09-04,MATCHED
TXN10730,LEDG_TXN10730,999.0,POSTED,2026-09-04T11:43:39,2026-09-04,MATCHED
TXN10731,LEDG_TXN10731,12000.0,POSTED,2026-09-04T11:29:48,2026-09-04,MATCHED
TXN10732,LEDG_TXN10732,2499.0,POSTED,2026-09-04T10:48:27,2026-09-04,MATCHED
TXN10733,LEDG_TXN10733,1200.0,POSTED,2026-09-04T15:01:22,2026-09-04,MATCHED
TXN10734,LEDG_TXN10734,6500.0,POSTED,2026-09-04T16:21:12,2026-09-04,MATCHED
TXN10735,LEDG_TXN10735,15000.0,POSTED,2026-09-04T13:26:30,2026-09-04,MATCHED
TXN10736,LEDG_TXN10736,6500.0,POSTED,2026-09-04T10:18:59,2026-09-04,MATCHED
TXN10737,LEDG_TXN10737,3500.0,POSTED,2026-09-04T09:18:03,2026-09-04,MATCHED
TXN10738,LEDG_TXN10738,499.0,POSTED,2026-09-04T10:29:47,2026-09-04,MATCHED
TXN10739,LEDG_TXN10739,499.0,POSTED,2026-09-04T17:41:32,2026-09-04,MATCHED
TXN10740,LEDG_TXN10740,499.0,POSTED,2026-09-04T12:39:57,2026-09-04,MATCHED
TXN10741,LEDG_TXN10741,8900.0,POSTED,2026-09-04T18:08:21,2026-09-04,MATCHED
TXN10742,LEDG_TXN10742,15000.0,POSTED,2026-09-04T12:10:14,2026-09-04,MATCHED
TXN10743,LEDG_TXN10743,499.0,POSTED,2026-09-04T12:15:44,2026-09-04,MATCHED
TXN10744,LEDG_TXN10744,12000.0,POSTED,2026-09-04T11:40:07,2026-09-04,MATCHED
TXN10745,LEDG_TXN10745,1200.0,POSTED,2026-09-04T14:01:51,2026-09-04,MATCHED
TXN10746,LEDG_TXN10746,4999.0,POSTED,2026-09-04T17:32:20,2026-09-04,MATCHED
TXN10747,LEDG_TXN10747,1200.0,POSTED,2026-09-04T11:52:44,2026-09-04,MATCHED
TXN10748,LEDG_TXN10748,1500.0,POSTED,2026-09-04T11:56:38,2026-09-04,MATCHED
TXN10749,LEDG_TXN10749,6500.0,POSTED,2026-09-04T16:37:22,2026-09-04,MATCHED
TXN10750,LEDG_TXN10750,1500.0,POSTED,2026-09-04T18:01:01,2026-09-04,MATCHED
TXN10751,LEDG_TXN10751,1200.0,POSTED,2026-09-04T16:25:35,2026-09-04,MATCHED
TXN10752,LEDG_TXN10752,8900.0,POSTED,2026-09-04T16:27:32,2026-09-04,MATCHED
TXN10753,LEDG_TXN10753,12000.0,POSTED,2026-09-04T18:01:42,2026-09-04,MATCHED
TXN10754,LEDG_TXN10754,4999.0,POSTED,2026-09-04T11:35:20,2026-09-04,MATCHED
TXN10755,LEDG_TXN10755,1200.0,POSTED,2026-09-04T10:45:32,2026-09-04,MATCHED
TXN10756,LEDG_TXN10756,15000.0,POSTED,2026-09-04T16:07:29,2026-09-04,MATCHED
TXN10757,LEDG_TXN10757,4999.0,POSTED,2026-09-04T13:15:14,2026-09-04,MATCHED
TXN10758,LEDG_TXN10758,1200.0,POSTED,2026-09-04T11:56:27,2026-09-04,MATCHED
TXN10759,LEDG_TXN10759,3500.0,POSTED,2026-09-04T14:09:37,2026-09-04,MATCHED
TXN10760,LEDG_TXN10760,250.0,POSTED,2026-09-04T13:25:34,2026-09-04,MATCHED
TXN10761,LEDG_TXN10761,250.0,POSTED,2026-09-04T10:26:49,2026-09-04,MATCHED
TXN10762,LEDG_TXN10762,2499.0,POSTED,2026-09-04T15:00:55,2026-09-04,MATCHED
TXN10763,LEDG_TXN10763,3500.0,POSTED,2026-09-04T17:06:22,2026-09-04,MATCHED
TXN10764,LEDG_TXN10764,12000.0,POSTED,2026-09-04T17:00:03,2026-09-04,MATCHED
TXN10765,LEDG_TXN10765,3500.0,POSTED,2026-09-04T12:57:07,2026-09-04,MATCHED
TXN10766,LEDG_TXN10766,8900.0,POSTED,2026-09-04T12:12:14,2026-09-04,MATCHED
TXN10767,LEDG_TXN10767,12000.0,POSTED,2026-09-04T16:21:42,2026-09-04,MATCHED
TXN10768,LEDG_TXN10768,1500.0,POSTED,2026-09-04T15:18:18,2026-09-04,MATCHED
TXN10769,LEDG_TXN10769,8900.0,POSTED,2026-09-04T15:08:55,2026-09-04,MATCHED
TXN10770,LEDG_TXN10770,499.0,POSTED,2026-09-04T10:32:35,2026-09-04,MATCHED
TXN10771,LEDG_TXN10771,8900.0,POSTED,2026-09-04T09:35:02,2026-09-04,MATCHED
TXN10772,LEDG_TXN10772,6500.0,POSTED,2026-09-04T10:37:46,2026-09-04,MATCHED
TXN10773,LEDG_TXN10773,15000.0,POSTED,2026-09-04T12:02:59,2026-09-04,MATCHED
TXN10774,LEDG_TXN10774,3500.0,POSTED,2026-09-04T16:32:07,2026-09-04,MATCHED
TXN10775,LEDG_TXN10775,12000.0,POSTED,2026-09-04T15:33:52,2026-09-04,MATCHED
TXN10776,LEDG_TXN10776,1500.0,POSTED,2026-09-04T17:55:22,2026-09-04,MATCHED
TXN10777,LEDG_TXN10777,4999.0,POSTED,2026-09-04T11:49:57,2026-09-04,MATCHED
TXN10778,LEDG_TXN10778,12000.0,POSTED,2026-09-04T11:39:53,2026-09-04,MATCHED
TXN10779,LEDG_TXN10779,15000.0,POSTED,2026-09-04T15:18:50,2026-09-04,MATCHED
TXN10780,LEDG_TXN10780,12000.0,POSTED,2026-09-04T11:10:47,2026-09-04,MATCHED
TXN10781,LEDG_TXN10781,8900.0,POSTED,2026-09-04T17:31:42,2026-09-04,MATCHED
TXN10782,LEDG_TXN10782,15000.0,POSTED,2026-09-04T10:28:01,2026-09-04,MATCHED
TXN10783,LEDG_TXN10783,499.0,POSTED,2026-09-04T12:52:08,2026-09-04,MATCHED
TXN10784,LEDG_TXN10784,1500.0,POSTED,2026-09-04T11:20:05,2026-09-04,MATCHED
TXN10785,LEDG_TXN10785,1500.0,POSTED,2026-09-04T13:21:22,2026-09-04,MATCHED
TXN10786,LEDG_TXN10786,250.0,POSTED,2026-09-04T10:54:33,2026-09-04,MATCHED
TXN10787,LEDG_TXN10787,8900.0,POSTED,2026-09-04T13:23:09,2026-09-04,MATCHED
TXN10788,LEDG_TXN10788,499.0,POSTED,2026-09-04T11:45:22,2026-09-04,MATCHED
TXN10789,LEDG_TXN10789,2499.0,POSTED,2026-09-04T16:10:17,2026-09-04,MATCHED
TXN10790,LEDG_TXN10790,499.0,POSTED,2026-09-04T10:33:59,2026-09-04,MATCHED
TXN10791,LEDG_TXN10791,499.0,POSTED,2026-09-04T15:23:59,2026-09-04,MATCHED
TXN10792,LEDG_TXN10792,499.0,POSTED,2026-09-04T17:30:46,2026-09-04,MATCHED
TXN10793,LEDG_TXN10793,6500.0,POSTED,2026-09-04T13:15:17,2026-09-04,MATCHED
TXN10794,LEDG_TXN10794,999.0,POSTED,2026-09-04T16:02:16,2026-09-04,MATCHED
TXN10795,LEDG_TXN10795,2499.0,POSTED,2026-09-04T13:38:56,2026-09-04,MATCHED
TXN10796,LEDG_TXN10796,250.0,POSTED,2026-09-04T18:14:28,2026-09-04,MATCHED
TXN10797,LEDG_TXN10797,15000.0,POSTED,2026-09-04T10:03:23,2026-09-04,MATCHED
TXN10798,LEDG_TXN10798,6500.0,POSTED,2026-09-04T11:55:58,2026-09-04,MATCHED
TXN10799,LEDG_TXN10799,2499.0,POSTED,2026-09-04T11:36:25,2026-09-04,MATCHED
TXN10800,LEDG_TXN10800,12000.0,POSTED,2026-09-04T13:19:39,2026-09-04,MATCHED
TXN10801,LEDG_TXN10801,250.0,POSTED,2026-09-04T13:50:32,2026-09-04,MATCHED
TXN10802,LEDG_TXN10802,4999.0,POSTED,2026-09-04T15:19:44,2026-09-04,MATCHED
TXN10803,LEDG_TXN10803,4999.0,POSTED,2026-09-04T10:54:28,2026-09-04,MATCHED
TXN10804,LEDG_TXN10804,2499.0,POSTED,2026-09-04T15:42:22,2026-09-04,MATCHED
TXN10805,LEDG_TXN10805,3500.0,POSTED,2026-09-04T11:33:06,2026-09-04,MATCHED
TXN10806,LEDG_TXN10806,2499.0,POSTED,2026-09-04T12:19:29,2026-09-04,MATCHED
TXN10807,LEDG_TXN10807,1500.0,POSTED,2026-09-04T17:31:25,2026-09-04,MATCHED
TXN10808,LEDG_TXN10808,12000.0,POSTED,2026-09-04T13:05:25,2026-09-04,MATCHED
TXN10809,LEDG_TXN10809,3500.0,POSTED,2026-09-04T11:15:42,2026-09-04,MATCHED
TXN10810,LEDG_TXN10810,1500.0,POSTED,2026-09-04T09:36:19,2026-09-04,MATCHED
TXN10811,LEDG_TXN10811,1500.0,POSTED,2026-09-04T12:31:39,2026-09-04,MATCHED
TXN10812,LEDG_TXN10812,999.0,POSTED,2026-09-04T18:08:15,2026-09-04,MATCHED
TXN10813,LEDG_TXN10813,999.0,POSTED,2026-09-04T11:16:28,2026-09-04,MATCHED
TXN10814,LEDG_TXN10814,1200.0,POSTED,2026-09-04T13:56:09,2026-09-04,MATCHED
TXN10815,LEDG_TXN10815,499.0,POSTED,2026-09-04T16:54:31,2026-09-04,MATCHED
TXN10816,LEDG_TXN10816,8900.0,POSTED,2026-09-04T11:31:43,2026-09-04,MATCHED
TXN10817,LEDG_TXN10817,3500.0,POSTED,2026-09-04T17:59:46,2026-09-04,MATCHED
TXN10818,LEDG_TXN10818,6500.0,POSTED,2026-09-04T17:56:45,2026-09-04,MATCHED
TXN10819,LEDG_TXN10819,999.0,POSTED,2026-09-04T13:13:15,2026-09-04,MATCHED
TXN10820,LEDG_TXN10820,2499.0,POSTED,2026-09-04T14:53:27,2026-09-04,MATCHED
TXN10821,LEDG_TXN10821,1200.0,POSTED,2026-09-04T09:59:14,2026-09-04,MATCHED
TXN10822,LEDG_TXN10822,4999.0,POSTED,2026-09-04T17:24:53,2026-09-04,MATCHED
TXN10823,LEDG_TXN10823,499.0,POSTED,2026-09-04T12:09:48,2026-09-04,MATCHED
TXN10824,LEDG_TXN10824,999.0,POSTED,2026-09-04T09:28:44,2026-09-04,MATCHED
TXN10825,LEDG_TXN10825,250.0,POSTED,2026-09-04T17:20:26,2026-09-04,MATCHED
TXN10826,LEDG_TXN10826,12000.0,POSTED,2026-09-04T10:34:16,2026-09-04,MATCHED
TXN10827,LEDG_TXN10827,4999.0,POSTED,2026-09-04T17:06:59,2026-09-04,MATCHED
TXN10828,LEDG_TXN10828,499.0,POSTED,2026-09-04T10:08:16,2026-09-04,MATCHED
TXN10829,LEDG_TXN10829,2499.0,POSTED,2026-09-04T15:45:34,2026-09-04,MATCHED
TXN10830,LEDG_TXN10830,8900.0,POSTED,2026-09-04T13:30:02,2026-09-04,MATCHED
TXN10831,LEDG_TXN10831,999.0,POSTED,2026-09-04T11:58:42,2026-09-04,MATCHED
TXN10832,LEDG_TXN10832,999.0,POSTED,2026-09-04T11:04:35,2026-09-04,MATCHED
TXN10833,LEDG_TXN10833,2499.0,POSTED,2026-09-04T13:22:16,2026-09-04,MATCHED
TXN10834,LEDG_TXN10834,1200.0,POSTED,2026-09-04T12:07:32,2026-09-04,MATCHED
TXN10835,LEDG_TXN10835,15000.0,POSTED,2026-09-04T15:55:35,2026-09-04,MATCHED
TXN10836,LEDG_TXN10836,2499.0,POSTED,2026-09-04T10:08:11,2026-09-04,MATCHED
TXN10837,LEDG_TXN10837,499.0,POSTED,2026-09-04T10:04:33,2026-09-04,MATCHED
TXN10838,LEDG_TXN10838,999.0,POSTED,2026-09-04T09:17:04,2026-09-04,MATCHED
TXN10839,LEDG_TXN10839,4999.0,POSTED,2026-09-04T18:03:37,2026-09-04,MATCHED
TXN10840,LEDG_TXN10840,3500.0,POSTED,2026-09-04T17:21:42,2026-09-04,MATCHED
TXN10841,LEDG_TXN10841,3500.0,POSTED,2026-09-04T13:22:27,2026-09-04,MATCHED
TXN10842,LEDG_TXN10842,12000.0,POSTED,2026-09-04T16:38:36,2026-09-04,MATCHED
TXN10843,LEDG_TXN10843,2499.0,POSTED,2026-09-04T14:51:37,2026-09-04,MATCHED
TXN10844,LEDG_TXN10844,250.0,POSTED,2026-09-04T17:29:14,2026-09-04,MATCHED
TXN10845,LEDG_TXN10845,2499.0,POSTED,2026-09-04T10:30:55,2026-09-04,MATCHED
TXN10846,LEDG_TXN10846,6500.0,POSTED,2026-09-04T16:06:09,2026-09-04,MATCHED
TXN10847,LEDG_TXN10847,499.0,POSTED,2026-09-04T12:03:36,2026-09-04,MATCHED
TXN10848,LEDG_TXN10848,2499.0,POSTED,2026-09-04T17:04:33,2026-09-04,MATCHED
TXN10849,LEDG_TXN10849,4999.0,POSTED,2026-09-04T11:51:31,2026-09-04,MATCHED
TXN10850,LEDG_TXN10850,1500.0,POSTED,2026-09-04T13:19:17,2026-09-04,MATCHED
TXN10851,LEDG_TXN10851,250.0,POSTED,2026-09-04T10:53:02,2026-09-04,MATCHED
TXN10852,LEDG_TXN10852,3500.0,POSTED,2026-09-04T14:27:48,2026-09-04,MATCHED
TXN10853,LEDG_TXN10853,1500.0,POSTED,2026-09-04T12:10:32,2026-09-04,MATCHED
TXN10854,LEDG_TXN10854,6500.0,POSTED,2026-09-04T16:40:17,2026-09-04,MATCHED
TXN10855,LEDG_TXN10855,8900.0,POSTED,2026-09-04T10:33:04,2026-09-04,MATCHED
TXN10856,LEDG_TXN10856,8900.0,POSTED,2026-09-04T14:51:53,2026-09-04,MATCHED
TXN10857,LEDG_TXN10857,499.0,POSTED,2026-09-04T13:54:37,2026-09-04,MATCHED
TXN10858,LEDG_TXN10858,499.0,POSTED,2026-09-04T12:03:40,2026-09-04,MATCHED
TXN10859,LEDG_TXN10859,8900.0,POSTED,2026-09-04T15:15:14,2026-09-04,MATCHED
TXN10860,LEDG_TXN10860,999.0,POSTED,2026-09-04T12:15:19,2026-09-04,MATCHED
TXN10861,LEDG_TXN10861,15000.0,POSTED,2026-09-04T10:14:40,2026-09-04,MATCHED
TXN10862,LEDG_TXN10862,250.0,POSTED,2026-09-04T15:01:53,2026-09-04,MATCHED
TXN10863,LEDG_TXN10863,499.0,POSTED,2026-09-04T18:00:34,2026-09-04,MATCHED
TXN10864,LEDG_TXN10864,15000.0,POSTED,2026-09-04T15:48:41,2026-09-04,MATCHED
TXN10865,LEDG_TXN10865,250.0,POSTED,2026-09-04T16:43:01,2026-09-04,MATCHED
TXN10866,LEDG_TXN10866,4999.0,POSTED,2026-09-04T15:03:17,2026-09-04,MATCHED
TXN10867,LEDG_TXN10867,250.0,POSTED,2026-09-04T15:52:46,2026-09-04,MATCHED
TXN10868,LEDG_TXN10868,3500.0,POSTED,2026-09-04T14:22:41,2026-09-04,MATCHED
TXN10869,LEDG_TXN10869,3500.0,POSTED,2026-09-04T16:02:51,2026-09-04,MATCHED
TXN10870,LEDG_TXN10870,999.0,POSTED,2026-09-04T14:06:00,2026-09-04,MATCHED
TXN10871,LEDG_TXN10871,8900.0,POSTED,2026-09-04T18:13:55,2026-09-04,MATCHED
TXN10872,LEDG_TXN10872,1200.0,POSTED,2026-09-04T12:49:24,2026-09-04,MATCHED
TXN10873,LEDG_TXN10873,8900.0,POSTED,2026-09-04T10:43:31,2026-09-04,MATCHED
TXN10874,LEDG_TXN10874,250.0,POSTED,2026-09-04T15:24:50,2026-09-04,MATCHED
TXN10875,LEDG_TXN10875,999.0,POSTED,2026-09-04T11:31:07,2026-09-04,MATCHED
TXN10876,LEDG_TXN10876,250.0,POSTED,2026-09-04T10:31:34,2026-09-04,MATCHED
TXN10877,LEDG_TXN10877,499.0,POSTED,2026-09-04T14:26:19,2026-09-04,MATCHED
TXN10878,LEDG_TXN10878,3500.0,POSTED,2026-09-04T16:39:40,2026-09-04,MATCHED
TXN10879,LEDG_TXN10879,15000.0,POSTED,2026-09-04T12:06:27,2026-09-04,MATCHED
TXN10880,LEDG_TXN10880,2499.0,POSTED,2026-09-04T15:31:23,2026-09-04,MATCHED
TXN10881,LEDG_TXN10881,250.0,POSTED,2026-09-04T17:37:18,2026-09-04,MATCHED
TXN10882,LEDG_TXN10882,499.0,POSTED,2026-09-04T12:01:40,2026-09-04,MATCHED
TXN10883,LEDG_TXN10883,1200.0,POSTED,2026-09-04T15:34:37,2026-09-04,MATCHED
TXN10884,LEDG_TXN10884,2499.0,POSTED,2026-09-04T15:36:53,2026-09-04,MATCHED
TXN10885,LEDG_TXN10885,1200.0,POSTED,2026-09-04T14:53:53,2026-09-04,MATCHED
TXN10886,LEDG_TXN10886,6500.0,POSTED,2026-09-04T10:09:20,2026-09-04,MATCHED
TXN10887,LEDG_TXN10887,3500.0,POSTED,2026-09-04T15:03:41,2026-09-04,MATCHED
TXN10888,LEDG_TXN10888,250.0,POSTED,2026-09-04T14:50:28,2026-09-04,MATCHED
TXN10889,LEDG_TXN10889,15000.0,POSTED,2026-09-04T11:16:26,2026-09-04,MATCHED
TXN10890,LEDG_TXN10890,3500.0,POSTED,2026-09-04T15:03:40,2026-09-04,MATCHED
TXN10891,LEDG_TXN10891,1200.0,POSTED,2026-09-04T10:47:06,2026-09-04,MATCHED
TXN10892,LEDG_TXN10892,1200.0,POSTED,2026-09-04T14:54:04,2026-09-04,MATCHED
TXN10893,LEDG_TXN10893,1200.0,POSTED,2026-09-04T16:21:40,2026-09-04,MATCHED
TXN10894,LEDG_TXN10894,8900.0,POSTED,2026-09-04T14:35:44,2026-09-04,MATCHED
TXN10895,LEDG_TXN10895,499.0,POSTED,2026-09-04T11:47:58,2026-09-04,MATCHED
TXN10896,LEDG_TXN10896,6500.0,POSTED,2026-09-04T13:18:16,2026-09-04,MATCHED
TXN10897,LEDG_TXN10897,250.0,POSTED,2026-09-04T13:37:51,2026-09-04,MATCHED
TXN10898,LEDG_TXN10898,12000.0,POSTED,2026-09-04T17:41:13,2026-09-04,MATCHED
TXN10899,LEDG_TXN10899,8900.0,POSTED,2026-09-04T13:25:39,2026-09-04,MATCHED
TXN10900,LEDG_TXN10900,1500.0,POSTED,2026-09-04T14:00:29,2026-09-04,MATCHED
TXN10901,LEDG_TXN10901,999.0,POSTED,2026-09-04T14:53:27,2026-09-04,MATCHED
TXN10902,LEDG_TXN10902,250.0,POSTED,2026-09-04T10:21:33,2026-09-04,MATCHED
TXN10903,LEDG_TXN10903,999.0,POSTED,2026-09-04T12:46:28,2026-09-04,MATCHED
TXN10904,LEDG_TXN10904,4999.0,POSTED,2026-09-04T16:28:34,2026-09-04,MATCHED
TXN10905,LEDG_TXN10905,1200.0,POSTED,2026-09-04T11:35:13,2026-09-04,MATCHED
TXN10906,LEDG_TXN10906,1500.0,POSTED,2026-09-04T15:52:30,2026-09-04,MATCHED
TXN10907,LEDG_TXN10907,250.0,POSTED,2026-09-04T13:29:11,2026-09-04,MATCHED
TXN10908,LEDG_TXN10908,999.0,POSTED,2026-09-04T17:14:06,2026-09-04,MATCHED
TXN10909,LEDG_TXN10909,1200.0,POSTED,2026-09-04T09:40:37,2026-09-04,MATCHED
TXN10910,LEDG_TXN10910,1500.0,POSTED,2026-09-04T13:20:29,2026-09-04,MATCHED
TXN10911,LEDG_TXN10911,4999.0,POSTED,2026-09-04T13:32:06,2026-09-04,MATCHED
TXN10912,LEDG_TXN10912,12000.0,POSTED,2026-09-04T11:55:46,2026-09-04,MATCHED
TXN10913,LEDG_TXN10913,8900.0,POSTED,2026-09-04T13:19:43,2026-09-04,MATCHED
TXN10914,LEDG_TXN10914,15000.0,POSTED,2026-09-04T18:14:24,2026-09-04,MATCHED
TXN10915,LEDG_TXN10915,8900.0,POSTED,2026-09-04T11:03:44,2026-09-04,MATCHED
TXN10916,LEDG_TXN10916,250.0,POSTED,2026-09-04T11:36:01,2026-09-04,MATCHED
TXN10917,LEDG_TXN10917,15000.0,POSTED,2026-09-04T13:56:51,2026-09-04,MATCHED
TXN10918,LEDG_TXN10918,12000.0,POSTED,2026-09-04T11:30:46,2026-09-04,MATCHED
TXN10919,LEDG_TXN10919,8900.0,POSTED,2026-09-04T10:11:03,2026-09-04,MATCHED
TXN10920,LEDG_TXN10920,4999.0,POSTED,2026-09-04T10:32:12,2026-09-04,MATCHED
TXN10921,LEDG_TXN10921,999.0,POSTED,2026-09-04T11:54:52,2026-09-04,MATCHED
TXN10922,LEDG_TXN10922,2499.0,POSTED,2026-09-04T10:46:44,2026-09-04,MATCHED
TXN10923,LEDG_TXN10923,1500.0,POSTED,2026-09-04T15:09:50,2026-09-04,MATCHED
TXN10924,LEDG_TXN10924,6500.0,POSTED,2026-09-04T09:29:39,2026-09-04,MATCHED
TXN10925,LEDG_TXN10925,999.0,POSTED,2026-09-04T16:55:16,2026-09-04,MATCHED
TXN10926,LEDG_TXN10926,8900.0,POSTED,2026-09-04T12:02:42,2026-09-04,MATCHED
TXN10927,LEDG_TXN10927,12000.0,POSTED,2026-09-04T10:45:52,2026-09-04,MATCHED
TXN10928,LEDG_TXN10928,15000.0,POSTED,2026-09-04T13:27:54,2026-09-04,MATCHED
TXN10929,LEDG_TXN10929,8900.0,POSTED,2026-09-04T15:21:57,2026-09-04,MATCHED
TXN10930,LEDG_TXN10930,1200.0,POSTED,2026-09-04T18:12:55,2026-09-04,MATCHED
TXN10931,LEDG_TXN10931,499.0,POSTED,2026-09-04T15:55:12,2026-09-04,MATCHED
TXN10932,LEDG_TXN10932,499.0,POSTED,2026-09-04T18:07:38,2026-09-04,MATCHED
TXN10933,LEDG_TXN10933,250.0,POSTED,2026-09-04T10:44:18,2026-09-04,MATCHED
TXN10934,LEDG_TXN10934,6500.0,POSTED,2026-09-04T11:33:24,2026-09-04,MATCHED
TXN10935,LEDG_TXN10935,250.0,POSTED,2026-09-04T13:55:14,2026-09-04,MATCHED
TXN10936,LEDG_TXN10936,8900.0,POSTED,2026-09-04T12:44:39,2026-09-04,MATCHED
TXN10937,LEDG_TXN10937,499.0,POSTED,2026-09-04T13:57:31,2026-09-04,MATCHED
TXN10938,LEDG_TXN10938,1200.0,POSTED,2026-09-04T10:11:59,2026-09-04,MATCHED
TXN10939,LEDG_TXN10939,3500.0,POSTED,2026-09-04T11:42:37,2026-09-04,MATCHED
TXN10940,LEDG_TXN10940,1200.0,POSTED,2026-09-04T16:05:26,2026-09-04,MATCHED
TXN10941,LEDG_TXN10941,4999.0,POSTED,2026-09-04T10:18:06,2026-09-04,MATCHED
TXN10942,LEDG_TXN10942,499.0,POSTED,2026-09-04T10:59:07,2026-09-04,MATCHED
TXN10943,LEDG_TXN10943,12000.0,POSTED,2026-09-04T17:31:07,2026-09-04,MATCHED
TXN10944,LEDG_TXN10944,999.0,POSTED,2026-09-04T13:23:05,2026-09-04,MATCHED
TXN10945,LEDG_TXN10945,4999.0,POSTED,2026-09-04T16:26:41,2026-09-04,MATCHED
TXN10946,LEDG_TXN10946,3500.0,POSTED,2026-09-04T10:06:45,2026-09-04,MATCHED
TXN10947,LEDG_TXN10947,250.0,POSTED,2026-09-04T18:01:13,2026-09-04,MATCHED
TXN10948,LEDG_TXN10948,15000.0,POSTED,2026-09-04T10:49:29,2026-09-04,MATCHED
TXN10949,LEDG_TXN10949,1200.0,POSTED,2026-09-04T17:08:40,2026-09-04,MATCHED
TXN10950,LEDG_TXN10950,1500.0,POSTED,2026-09-04T15:19:37,2026-09-04,MATCHED
TXN10951,LEDG_TXN10951,4999.0,POSTED,2026-09-04T14:03:35,2026-09-04,MATCHED
TXN10952,LEDG_TXN10952,1500.0,POSTED,2026-09-04T09:53:28,2026-09-04,MATCHED
TXN10953,LEDG_TXN10953,12000.0,POSTED,2026-09-04T12:13:04,2026-09-04,MATCHED
TXN10954,LEDG_TXN10954,250.0,POSTED,2026-09-04T18:04:30,2026-09-04,MATCHED
TXN10955,LEDG_TXN10955,6500.0,POSTED,2026-09-04T14:16:41,2026-09-04,MATCHED
TXN10956,LEDG_TXN10956,999.0,POSTED,2026-09-04T16:10:05,2026-09-04,MATCHED
TXN10957,LEDG_TXN10957,250.0,POSTED,2026-09-04T09:21:09,2026-09-04,MATCHED
TXN10958,LEDG_TXN10958,8900.0,POSTED,2026-09-04T12:46:25,2026-09-04,MATCHED
TXN10959,LEDG_TXN10959,6500.0,POSTED,2026-09-04T18:04:33,2026-09-04,MATCHED
TXN10960,LEDG_TXN10960,2499.0,POSTED,2026-09-04T12:31:04,2026-09-04,MATCHED
TXN10961,LEDG_TXN10961,2499.0,POSTED,2026-09-04T17:50:05,2026-09-04,MATCHED
TXN10962,LEDG_TXN10962,1500.0,POSTED,2026-09-04T11:46:19,2026-09-04,MATCHED
TXN10963,LEDG_TXN10963,499.0,POSTED,2026-09-04T16:18:14,2026-09-04,MATCHED
TXN10964,LEDG_TXN10964,6500.0,POSTED,2026-09-04T10:17:59,2026-09-04,MATCHED
TXN10965,LEDG_TXN10965,8900.0,POSTED,2026-09-04T14:50:38,2026-09-04,MATCHED
TXN10966,LEDG_TXN10966,15000.0,POSTED,2026-09-04T16:56:59,2026-09-04,MATCHED
TXN10967,LEDG_TXN10967,6500.0,POSTED,2026-09-04T14:43:27,2026-09-04,MATCHED
TXN10968,LEDG_TXN10968,2499.0,POSTED,2026-09-04T13:32:31,2026-09-04,MATCHED
TXN10969,LEDG_TXN10969,1500.0,POSTED,2026-09-04T13:23:19,2026-09-04,MATCHED
TXN10970,LEDG_TXN10970,1200.0,POSTED,2026-09-04T13:21:25,2026-09-04,MATCHED
TXN10971,LEDG_TXN10971,250.0,POSTED,2026-09-04T17:11:20,2026-09-04,MATCHED
TXN10972,LEDG_TXN10972,3500.0,POSTED,2026-09-04T10:42:17,2026-09-04,MATCHED
TXN10973,LEDG_TXN10973,2499.0,POSTED,2026-09-04T14:30:33,2026-09-04,MATCHED
TXN10974,LEDG_TXN10974,6500.0,POSTED,2026-09-04T11:21:44,2026-09-04,MATCHED
TXN10975,LEDG_TXN10975,1200.0,POSTED,2026-09-04T11:50:03,2026-09-04,MATCHED
TXN10976,LEDG_TXN10976,15000.0,POSTED,2026-09-04T10:41:43,2026-09-04,MATCHED
TXN10977,LEDG_TXN10977,12000.0,POSTED,2026-09-04T13:57:36,2026-09-04,MATCHED
TXN10978,LEDG_TXN10978,3500.0,POSTED,2026-09-04T17:06:57,2026-09-04,MATCHED
TXN10979,LEDG_TXN10979,3500.0,POSTED,2026-09-04T14:30:08,2026-09-04,MATCHED
TXN10980,LEDG_TXN10980,12000.0,POSTED,2026-09-04T16:50:04,2026-09-04,MATCHED
TXN10981,LEDG_TXN10981,4999.0,POSTED,2026-09-04T15:36:22,2026-09-04,MATCHED
TXN10982,LEDG_TXN10982,999.0,POSTED,2026-09-04T15:23:32,2026-09-04,MATCHED
TXN10983,LEDG_TXN10983,499.0,POSTED,2026-09-04T09:59:47,2026-09-04,MATCHED
TXN10984,LEDG_TXN10984,15000.0,POSTED,2026-09-04T17:41:17,2026-09-04,MATCHED
TXN10985,LEDG_TXN10985,499.0,POSTED,2026-09-04T09:57:56,2026-09-04,MATCHED
TXN10986,LEDG_TXN10986,3500.0,POSTED,2026-09-04T13:55:44,2026-09-04,MATCHED
TXN10987,LEDG_TXN10987,6500.0,POSTED,2026-09-04T10:01:30,2026-09-04,MATCHED
TXN10988,LEDG_TXN10988,1200.0,POSTED,2026-09-04T13:35:48,2026-09-04,MATCHED
TXN10989,LEDG_TXN10989,15000.0,POSTED,2026-09-04T16:50:07,2026-09-04,MATCHED
TXN10990,LEDG_TXN10990,250.0,POSTED,2026-09-04T16:31:20,2026-09-04,MATCHED
TXN10991,LEDG_TXN10991,1200.0,POSTED,2026-09-04T10:44:28,2026-09-04,MATCHED
TXN10992,LEDG_TXN10992,1500.0,POSTED,2026-09-04T09:59:14,2026-09-04,MATCHED
TXN10993,LEDG_TXN10993,6500.0,POSTED,2026-09-04T18:02:24,2026-09-04,MATCHED
TXN10994,LEDG_TXN10994,3500.0,POSTED,2026-09-04T16:01:39,2026-09-04,MATCHED
TXN10995,LEDG_TXN10995,6500.0,POSTED,2026-09-04T16:25:53,2026-09-04,MATCHED
TXN10996,LEDG_TXN10996,999.0,POSTED,2026-09-04T14:54:34,2026-09-04,MATCHED
TXN10997,LEDG_TXN10997,2499.0,POSTED,2026-09-04T16:59:08,2026-09-04,MATCHED
TXN10998,LEDG_TXN10998,1200.0,POSTED,2026-09-04T13:56:45,2026-09-04,MATCHED
TXN10999,LEDG_TXN10999,2499.0,POSTED,2026-09-04T18:08:21,2026-09-04,MATCHED
TXN11000,LEDG_TXN11000,12000.0,POSTED,2026-09-04T13:47:35,2026-09-04,MATCHED
